,season_encoding,season,yr,mnth,day,holiday,weekday,workingday,weathersit,temp,temp_interval,temp_interval_ord,temp_interval_num,hum,hum_interval,hum_interval_num,hum_interval_ord,windspeed,wind_interval,wind_num_encoding,casual,registered,cnt
0,1,winter,0,1,01,0,6,0,2,14.1,low,2,"(8.98, 15.56]",80.6,very_high,"(77.76, 97.2]",5,10.749882,low,1,331,654,985
1,1,winter,0,1,02,0,0,0,2,14.9,low,2,"(8.98, 15.56]",69.6,high,"(58.32, 77.76]",4,16.652113,medium,2,131,670,801
2,1,winter,0,1,03,0,1,1,1,8.1,very_low,1,"(2.367, 8.98]",43.7,medium,"(38.88, 58.32]",3,16.636703,medium,2,120,1229,1349
3,1,spring,0,1,04,0,2,1,1,8.2,very_low,1,"(2.367, 8.98]",59.0,high,"(58.32, 77.76]",4,10.739832,low,1,108,1454,1562
4,1,spring,0,1,05,0,3,1,1,9.3,low,2,"(8.98, 15.56]",43.7,medium,"(38.88, 58.32]",3,12.5223,low,1,82,1518,1600
5,1,spring,0,1,06,0,4,1,1,8.4,very_low,1,"(2.367, 8.98]",51.8,medium,"(38.88, 58.32]",3,6.0008684,very_low,very_low,88,1518,1606
6,2,summer,0,1,07,0,5,1,2,8.1,very_low,1,"(2.367, 8.98]",49.9,medium,"(38.88, 58.32]",3,11.304642,low,1,148,1362,1510
7,2,summer,0,1,08,0,6,0,2,6.8,very_low,1,"(2.367, 8.98]",53.6,medium,"(38.88, 58.32]",3,17.875868,medium,2,68,891,959
8,2,summer,0,1,09,0,0,0,1,5.7,very_low,1,"(2.367, 8.98]",43.4,medium,"(38.88, 58.32]",3,24.25065,high,3,54,768,822
9,3,autumn,0,1,10,0,1,1,1,6.2,very_low,1,"(2.367, 8.98]",48.3,medium,"(38.88, 58.32]",3,14.958889,medium,2,41,1280,1321
10,3,autumn,0,1,11,0,2,1,2,6.9,very_low,1,"(2.367, 8.98]",68.6,high,"(58.32, 77.76]",4,8.182844,low,1,43,1220,1263
11,3,autumn,0,1,12,0,3,1,1,7.1,very_low,1,"(2.367, 8.98]",60.0,high,"(58.32, 77.76]",4,20.410009,medium,2,25,1137,1162
12,1,winter,0,1,13,0,4,1,1,6.8,very_low,1,"(2.367, 8.98]",47.0,medium,"(38.88, 58.32]",3,20.167,medium,2,38,1368,1406
13,1,winter,0,1,14,0,5,1,1,6.6,very_low,1,"(2.367, 8.98]",53.8,medium,"(38.88, 58.32]",3,8.478716,low,1,54,1367,1421
14,1,winter,0,1,15,0,6,0,2,9.6,low,2,"(8.98, 15.56]",49.9,medium,"(38.88, 58.32]",3,10.583521,low,1,222,1026,1248
15,1,winter,0,1,16,0,0,0,1,9.5,low,2,"(8.98, 15.56]",48.4,medium,"(38.88, 58.32]",3,12.625011,low,1,251,953,1204
16,1,winter,0,1,17,1,1,0,2,7.2,very_low,1,"(2.367, 8.98]",53.8,medium,"(38.88, 58.32]",3,12.999139,low,1,117,883,1000
17,1,winter,0,1,18,0,2,1,2,8.9,very_low,1,"(2.367, 8.98]",86.2,very_high,"(77.76, 97.2]",5,9.833925,low,1,9,674,683
18,1,winter,0,1,19,0,3,1,2,12.0,low,2,"(8.98, 15.56]",74.2,high,"(58.32, 77.76]",4,13.957239,low,1,78,1572,1650
19,1,winter,0,1,20,0,4,1,2,10.7,low,2,"(8.98, 15.56]",53.8,medium,"(38.88, 58.32]",3,13.125568,low,1,83,1844,1927
20,1,winter,0,1,21,0,5,1,1,7.3,very_low,1,"(2.367, 8.98]",45.7,medium,"(38.88, 58.32]",3,23.667214,high,3,75,1468,1543
21,1,winter,0,1,22,0,6,0,1,2.4,very_low,1,"(2.367, 8.98]",40.0,medium,"(38.88, 58.32]",3,11.52199,low,1,93,888,981
22,1,winter,0,1,23,0,0,0,1,4.0,very_low,1,"(2.367, 8.98]",43.7,medium,"(38.88, 58.32]",3,16.5222,medium,2,150,836,986
23,1,winter,0,1,24,0,1,1,1,4.0,very_low,1,"(2.367, 8.98]",49.2,medium,"(38.88, 58.32]",3,10.60811,low,1,86,1330,1416
24,1,winter,0,1,25,0,2,1,2,9.2,low,2,"(8.98, 15.56]",61.7,high,"(58.32, 77.76]",4,8.696332,low,1,186,1799,1985
25,1,winter,0,1,26,0,3,1,3,8.9,very_low,1,"(2.367, 8.98]",86.2,very_high,"(77.76, 97.2]",5,19.68795,medium,2,34,472,506
26,1,winter,0,1,27,0,4,1,1,8.0,very_low,1,"(2.367, 8.98]",68.8,high,"(58.32, 77.76]",4,7.627079,very_low,very_low,15,416,431
27,1,winter,0,1,28,0,5,1,2,8.3,very_low,1,"(2.367, 8.98]",79.3,very_high,"(77.76, 97.2]",5,8.2611,low,1,38,1129,1167
28,1,winter,0,1,29,0,6,0,1,8.1,very_low,1,"(2.367, 8.98]",65.2,high,"(58.32, 77.76]",4,9.739455,low,1,123,975,1098
29,1,winter,0,1,30,0,0,0,1,8.9,very_low,1,"(2.367, 8.98]",72.2,high,"(58.32, 77.76]",4,4.9568342,very_low,very_low,140,956,1096
30,1,winter,0,1,31,0,1,1,2,7.4,very_low,1,"(2.367, 8.98]",60.4,high,"(58.32, 77.76]",4,12.541864,low,1,42,1459,1501
31,1,winter,0,2,01,0,2,1,2,7.9,very_low,1,"(2.367, 8.98]",83.0,very_high,"(77.76, 97.2]",5,3.565271,very_low,very_low,47,1313,1360
32,1,winter,0,2,02,0,3,1,2,10.7,low,2,"(8.98, 15.56]",77.5,high,"(58.32, 77.76]",4,17.708636,medium,2,72,1454,1526
33,1,winter,0,2,03,0,4,1,1,7.7,very_low,1,"(2.367, 8.98]",43.8,medium,"(38.88, 58.32]",3,18.609384,medium,2,61,1489,1550
34,1,spring,0,2,04,0,5,1,2,8.7,very_low,1,"(2.367, 8.98]",58.5,high,"(58.32, 77.76]",4,8.565213,low,1,88,1620,1708
35,1,spring,0,2,05,0,6,0,2,9.6,low,2,"(8.98, 15.56]",92.9,very_high,"(77.76, 97.2]",5,10.792293,low,1,100,905,1005
36,1,spring,0,2,06,0,0,0,1,11.7,low,2,"(8.98, 15.56]",56.8,medium,"(38.88, 58.32]",3,9.5006,low,1,354,1269,1623
37,2,summer,0,2,07,0,1,1,1,11.1,low,2,"(8.98, 15.56]",73.8,high,"(58.32, 77.76]",4,3.0423561,very_low,very_low,120,1592,1712
38,2,summer,0,2,08,0,2,1,1,9.1,low,2,"(8.98, 15.56]",53.8,medium,"(38.88, 58.32]",3,24.25065,high,3,64,1466,1530
39,2,summer,0,2,09,0,3,1,2,5.5,very_low,1,"(2.367, 8.98]",49.5,medium,"(38.88, 58.32]",3,12.652213,low,1,53,1552,1605
40,3,autumn,0,2,10,0,4,1,1,5.9,very_low,1,"(2.367, 8.98]",43.7,medium,"(38.88, 58.32]",3,14.869645,medium,2,47,1491,1538
41,3,autumn,0,2,11,0,5,1,1,7.8,very_low,1,"(2.367, 8.98]",50.6,medium,"(38.88, 58.32]",3,7.27285,very_low,very_low,149,1597,1746
42,3,autumn,0,2,12,0,6,0,1,9.1,low,2,"(8.98, 15.56]",54.4,medium,"(38.88, 58.32]",3,13.625589,low,1,288,1184,1472
43,1,winter,0,2,13,0,0,0,1,13.0,low,2,"(8.98, 15.56]",45.7,medium,"(38.88, 58.32]",3,17.479161,medium,2,397,1192,1589
44,1,winter,0,2,14,0,1,1,1,17.0,medium,3,"(15.56, 22.14]",37.6,low,"(19.44, 38.88]",2,27.999836,very_high,very_high,208,1705,1913
45,1,winter,0,2,15,0,2,1,1,10.9,low,2,"(8.98, 15.56]",31.4,low,"(19.44, 38.88]",2,19.522058,medium,2,140,1675,1815
46,1,winter,0,2,16,0,3,1,1,13.0,low,2,"(8.98, 15.56]",42.3,medium,"(38.88, 58.32]",3,16.869997,medium,2,218,1897,2115
47,1,winter,0,2,17,0,4,1,1,17.9,medium,3,"(15.56, 22.14]",50.5,medium,"(38.88, 58.32]",3,15.416968,medium,2,259,2216,2475
48,1,winter,0,2,18,0,5,1,1,21.4,medium,3,"(15.56, 22.14]",51.7,medium,"(38.88, 58.32]",3,17.749975,medium,2,579,2348,2927
49,1,winter,0,2,19,0,6,0,1,16.4,medium,3,"(15.56, 22.14]",18.8,very_low,"(-0.0972, 19.44]",1,34.000021,very_high,very_high,532,1103,1635
50,1,winter,0,2,20,0,0,0,1,11.7,low,2,"(8.98, 15.56]",40.8,medium,"(38.88, 58.32]",3,14.956745,medium,2,639,1173,1812
51,1,winter,0,2,21,1,1,0,2,12.4,low,2,"(8.98, 15.56]",60.5,high,"(58.32, 77.76]",4,20.625682,medium,2,195,912,1107
52,1,winter,0,2,22,0,2,1,1,7.5,very_low,1,"(2.367, 8.98]",57.8,medium,"(38.88, 58.32]",3,13.110761,low,1,74,1376,1450
53,1,winter,0,2,23,0,3,1,1,9.1,low,2,"(8.98, 15.56]",42.3,medium,"(38.88, 58.32]",3,6.305571,very_low,very_low,139,1778,1917
54,1,winter,0,2,24,0,4,1,2,12.1,low,2,"(8.98, 15.56]",69.7,high,"(58.32, 77.76]",4,16.783232,medium,2,100,1707,1807
55,1,winter,0,2,25,0,5,1,2,14.9,low,2,"(8.98, 15.56]",71.2,high,"(58.32, 77.76]",4,23.218113,high,3,120,1341,1461
56,1,winter,0,2,26,0,6,0,1,11.6,low,2,"(8.98, 15.56]",53.8,medium,"(38.88, 58.32]",3,12.500257,low,1,424,1545,1969
57,1,winter,0,2,27,0,0,0,1,14.1,low,2,"(8.98, 15.56]",68.0,high,"(58.32, 77.76]",4,8.391616,low,1,694,1708,2402
58,1,winter,0,2,28,0,1,1,2,16.7,medium,3,"(15.56, 22.14]",87.6,very_high,"(77.76, 97.2]",5,19.408962,medium,2,81,1365,1446
59,1,winter,0,3,01,0,2,1,1,10.9,low,2,"(8.98, 15.56]",53.5,medium,"(38.88, 58.32]",3,14.500475,medium,2,137,1714,1851
60,1,winter,0,3,02,0,3,1,1,13.7,low,2,"(8.98, 15.56]",45.0,medium,"(38.88, 58.32]",3,20.624811,medium,2,231,1903,2134
61,1,winter,0,3,03,0,4,1,1,8.1,very_low,1,"(2.367, 8.98]",31.8,low,"(19.44, 38.88]",2,15.125518,medium,2,123,1562,1685
62,1,spring,0,3,04,0,5,1,2,10.7,low,2,"(8.98, 15.56]",61.0,high,"(58.32, 77.76]",4,13.624182,low,1,214,1730,1944
63,1,spring,0,3,05,0,6,0,2,15.8,medium,3,"(15.56, 22.14]",78.9,very_high,"(77.76, 97.2]",5,16.875357,medium,2,640,1437,2077
64,1,spring,0,3,06,0,0,0,2,15.4,low,2,"(8.98, 15.56]",94.8,very_high,"(77.76, 97.2]",5,23.000229,high,3,114,491,605
65,2,summer,0,3,07,0,1,1,1,10.7,low,2,"(8.98, 15.56]",55.1,medium,"(38.88, 58.32]",3,22.870584,high,3,244,1628,1872
66,2,summer,0,3,08,0,2,1,1,12.0,low,2,"(8.98, 15.56]",42.1,medium,"(38.88, 58.32]",3,8.08355,low,1,316,1817,2133
67,2,summer,0,3,09,0,3,1,2,12.1,low,2,"(8.98, 15.56]",77.5,high,"(58.32, 77.76]",4,14.75005,medium,2,191,1700,1891
68,3,autumn,0,3,10,0,4,1,3,16.0,medium,3,"(15.56, 22.14]",0.0,very_low,"(-0.0972, 19.44]",1,17.545759,medium,2,46,577,623
69,3,autumn,0,3,11,0,5,1,2,13.0,low,2,"(8.98, 15.56]",65.0,high,"(58.32, 77.76]",4,15.60899,medium,2,247,1730,1977
70,3,autumn,0,3,12,0,6,0,1,13.5,low,2,"(8.98, 15.56]",59.5,high,"(58.32, 77.76]",4,14.791925,medium,2,724,1408,2132
71,1,winter,0,3,13,0,0,0,1,15.8,medium,3,"(15.56, 22.14]",52.7,medium,"(38.88, 58.32]",3,18.130468,medium,2,982,1435,2417
72,1,winter,0,3,14,0,1,1,1,13.3,low,2,"(8.98, 15.56]",49.7,medium,"(38.88, 58.32]",3,9.174042,low,1,359,1687,2046
73,1,winter,0,3,15,0,2,1,2,13.0,low,2,"(8.98, 15.56]",65.6,high,"(58.32, 77.76]",4,12.348703,low,1,289,1767,2056
74,1,winter,0,3,16,0,3,1,2,15.0,low,2,"(8.98, 15.56]",77.7,high,"(58.32, 77.76]",4,13.608839,low,1,321,1871,2192
75,1,winter,0,3,17,0,4,1,1,17.0,medium,3,"(15.56, 22.14]",60.3,high,"(58.32, 77.76]",4,14.041793,low,1,424,2320,2744
76,1,winter,0,3,18,0,5,1,1,22.1,medium,3,"(15.56, 22.14]",52.5,medium,"(38.88, 58.32]",3,15.478139,medium,2,884,2355,3239
77,1,winter,0,3,19,0,6,0,1,19.4,medium,3,"(15.56, 22.14]",37.9,low,"(19.44, 38.88]",2,24.667189,high,3,1424,1693,3117
78,1,winter,0,3,20,0,0,0,1,13.6,low,2,"(8.98, 15.56]",47.4,medium,"(38.88, 58.32]",3,13.917307,low,1,1047,1424,2471
79,1,winter,0,3,21,0,1,1,2,17.6,medium,3,"(15.56, 22.14]",73.7,high,"(58.32, 77.76]",4,19.348461,medium,2,401,1676,2077
80,1,winter,0,3,22,0,2,1,1,18.1,medium,3,"(15.56, 22.14]",62.5,high,"(58.32, 77.76]",4,15.12525,medium,2,460,2243,2703
81,1,winter,0,3,23,0,3,1,2,14.2,low,2,"(8.98, 15.56]",84.0,very_high,"(77.76, 97.2]",5,15.695487,medium,2,203,1918,2121
82,1,winter,0,3,24,0,4,1,2,11.7,low,2,"(8.98, 15.56]",80.6,very_high,"(77.76, 97.2]",5,16.333729,medium,2,166,1699,1865
83,1,winter,0,3,25,0,5,1,1,10.8,low,2,"(8.98, 15.56]",49.5,medium,"(38.88, 58.32]",3,15.458575,medium,2,300,1910,2210
84,1,winter,0,3,26,0,6,0,1,10.9,low,2,"(8.98, 15.56]",39.4,medium,"(38.88, 58.32]",3,14.041257,low,1,981,1515,2496
85,1,winter,0,3,27,0,0,0,2,10.4,low,2,"(8.98, 15.56]",49.4,medium,"(38.88, 58.32]",3,12.3481,low,1,472,1221,1693
86,1,winter,0,3,28,0,1,1,1,10.8,low,2,"(8.98, 15.56]",30.2,low,"(19.44, 38.88]",2,14.217668,low,1,222,1806,2028
87,1,winter,0,3,29,0,2,1,1,12.4,low,2,"(8.98, 15.56]",31.4,low,"(19.44, 38.88]",2,15.208732,medium,2,317,2108,2425
88,1,winter,0,3,30,0,3,1,2,12.3,low,2,"(8.98, 15.56]",64.7,high,"(58.32, 77.76]",4,11.583496,low,1,168,1368,1536
89,1,winter,0,3,31,0,4,1,3,11.0,low,2,"(8.98, 15.56]",91.8,very_high,"(77.76, 97.2]",5,14.582282,medium,2,179,1506,1685
90,1,winter,0,4,01,0,5,1,2,12.3,low,2,"(8.98, 15.56]",68.6,high,"(58.32, 77.76]",4,17.333436,medium,2,307,1920,2227
91,1,winter,0,4,02,0,6,0,2,12.9,low,2,"(8.98, 15.56]",65.4,high,"(58.32, 77.76]",4,13.208782,low,1,898,1354,2252
92,1,winter,0,4,03,0,0,0,1,15.5,low,2,"(8.98, 15.56]",48.0,medium,"(38.88, 58.32]",3,12.208271,low,1,1651,1598,3249
93,1,spring,0,4,04,0,1,1,1,23.5,high,4,"(22.14, 28.72]",42.6,medium,"(38.88, 58.32]",3,25.833257,high,3,734,2381,3115
94,1,spring,0,4,05,0,2,1,2,17.0,medium,3,"(15.56, 22.14]",64.2,high,"(58.32, 77.76]",4,26.000489,high,3,167,1628,1795
95,1,spring,0,4,06,0,3,1,1,16.0,medium,3,"(15.56, 22.14]",47.1,medium,"(38.88, 58.32]",3,17.625221,medium,2,413,2395,2808
96,2,summer,0,4,07,0,4,1,1,17.9,medium,3,"(15.56, 22.14]",60.3,high,"(58.32, 77.76]",4,10.874904,low,1,571,2570,3141
97,2,summer,0,4,08,0,5,1,2,13.8,low,2,"(8.98, 15.56]",83.6,very_high,"(77.76, 97.2]",5,15.208464,medium,2,172,1299,1471
98,2,summer,0,4,09,0,6,0,2,14.0,low,2,"(8.98, 15.56]",87.8,very_high,"(77.76, 97.2]",5,8.916561,low,1,879,1576,2455
99,3,autumn,0,4,10,0,0,0,2,17.5,medium,3,"(15.56, 22.14]",85.8,very_high,"(77.76, 97.2]",5,9.833389,low,1,1188,1707,2895
100,3,autumn,0,4,11,0,1,1,2,24.4,high,4,"(22.14, 28.72]",71.7,high,"(58.32, 77.76]",4,21.739758,high,3,855,2493,3348
101,3,autumn,0,4,12,0,2,1,2,20.6,medium,3,"(15.56, 22.14]",73.9,high,"(58.32, 77.76]",4,18.416893,medium,2,257,1777,2034
102,1,spring,0,4,13,0,3,1,2,16.9,medium,3,"(15.56, 22.14]",81.9,very_high,"(77.76, 97.2]",5,16.791339,medium,2,209,1953,2162
103,1,spring,0,4,14,0,4,1,1,19.2,medium,3,"(15.56, 22.14]",54.0,medium,"(38.88, 58.32]",3,7.4169,very_low,very_low,529,2738,3267
104,1,spring,0,4,15,1,5,0,1,18.3,medium,3,"(15.56, 22.14]",67.1,high,"(58.32, 77.76]",4,15.167125,medium,2,642,2484,3126
105,1,spring,0,4,16,0,6,0,3,17.7,medium,3,"(15.56, 22.14]",88.8,very_high,"(77.76, 97.2]",5,22.834136,high,3,121,674,795
106,1,spring,0,4,17,0,0,0,1,18.7,medium,3,"(15.56, 22.14]",48.0,medium,"(38.88, 58.32]",3,20.334232,medium,2,1558,2186,3744
107,1,spring,0,4,18,0,1,1,1,21.0,medium,3,"(15.56, 22.14]",54.2,medium,"(38.88, 58.32]",3,10.958989,low,1,669,2760,3429
108,1,spring,0,4,19,0,2,1,2,20.7,medium,3,"(15.56, 22.14]",66.6,high,"(58.32, 77.76]",4,10.584057,low,1,409,2795,3204
109,1,spring,0,4,20,0,3,1,1,24.4,high,4,"(22.14, 28.72]",61.4,high,"(58.32, 77.76]",4,16.208975,medium,2,613,3331,3944
110,1,spring,0,4,21,0,4,1,1,18.8,medium,3,"(15.56, 22.14]",40.7,medium,"(38.88, 58.32]",3,21.792286,high,3,745,3444,4189
111,1,spring,0,4,22,0,5,1,2,13.8,low,2,"(8.98, 15.56]",73.0,high,"(58.32, 77.76]",4,14.707907,medium,2,177,1506,1683
112,1,spring,0,4,23,0,6,0,2,18.9,medium,3,"(15.56, 22.14]",88.8,very_high,"(77.76, 97.2]",5,15.458575,medium,2,1462,2574,4036
113,1,spring,0,4,24,0,0,0,2,23.8,high,4,"(22.14, 28.72]",81.1,very_high,"(77.76, 97.2]",5,12.875725,low,1,1710,2481,4191
114,1,spring,0,4,25,0,1,1,1,24.9,high,4,"(22.14, 28.72]",77.7,high,"(58.32, 77.76]",4,12.417311,low,1,773,3300,4073
115,1,spring,0,4,26,0,2,1,1,25.9,high,4,"(22.14, 28.72]",72.9,high,"(58.32, 77.76]",4,21.8755,high,3,678,3722,4400
116,1,spring,0,4,27,0,3,1,2,25.4,high,4,"(22.14, 28.72]",83.5,very_high,"(77.76, 97.2]",5,20.9174,medium,2,547,3325,3872
117,1,spring,0,4,28,0,4,1,2,25.3,high,4,"(22.14, 28.72]",70.1,high,"(58.32, 77.76]",4,21.500836,high,3,569,3489,4058
118,1,spring,0,4,29,0,5,1,1,20.9,medium,3,"(15.56, 22.14]",45.7,medium,"(38.88, 58.32]",3,16.084221,medium,2,878,3717,4595
119,1,spring,0,4,30,0,6,0,1,19.4,medium,3,"(15.56, 22.14]",50.3,medium,"(38.88, 58.32]",3,15.750025,medium,2,1965,3347,5312
120,1,winter,0,5,01,0,0,0,2,18.5,medium,3,"(15.56, 22.14]",76.2,high,"(58.32, 77.76]",4,7.125718,very_low,very_low,1138,2213,3351
121,1,winter,0,5,02,0,1,1,2,22.5,high,4,"(22.14, 28.72]",73.0,high,"(58.32, 77.76]",4,12.291418,low,1,847,3554,4401
122,1,winter,0,5,03,0,2,1,2,25.3,high,4,"(22.14, 28.72]",69.7,high,"(58.32, 77.76]",4,22.958689,high,3,603,3848,4451
123,1,spring,0,5,04,0,3,1,2,17.0,medium,3,"(15.56, 22.14]",73.7,high,"(58.32, 77.76]",4,22.042732,high,3,255,2378,2633
124,1,spring,0,5,05,0,4,1,1,18.8,medium,3,"(15.56, 22.14]",44.4,medium,"(38.88, 58.32]",3,19.791264,medium,2,614,3819,4433
125,1,spring,0,5,06,0,5,1,1,19.6,medium,3,"(15.56, 22.14]",59.0,high,"(58.32, 77.76]",4,15.292482,medium,2,894,3714,4608
126,2,summer,0,5,07,0,6,0,1,21.3,medium,3,"(15.56, 22.14]",54.1,medium,"(38.88, 58.32]",3,10.75015,low,1,1612,3102,4714
127,2,summer,0,5,08,0,0,0,1,21.7,medium,3,"(15.56, 22.14]",63.2,high,"(58.32, 77.76]",4,5.0007125,very_low,very_low,1401,2932,4333
128,2,summer,0,5,09,0,1,1,1,21.8,medium,3,"(15.56, 22.14]",58.9,high,"(58.32, 77.76]",4,11.792,low,1,664,3698,4362
129,3,autumn,0,5,10,0,2,1,1,21.8,medium,3,"(15.56, 22.14]",48.9,medium,"(38.88, 58.32]",3,7.749957,very_low,very_low,694,4109,4803
130,3,autumn,0,5,11,0,3,1,1,22.2,high,4,"(22.14, 28.72]",63.3,high,"(58.32, 77.76]",4,8.083014,low,1,550,3632,4182
131,3,autumn,0,5,12,0,4,1,1,21.9,medium,3,"(15.56, 22.14]",74.8,high,"(58.32, 77.76]",4,12.707689,low,1,695,4169,4864
132,1,spring,0,5,13,0,5,1,2,21.0,medium,3,"(15.56, 22.14]",86.3,very_high,"(77.76, 97.2]",5,12.041575,low,1,692,3413,4105
133,1,spring,0,5,14,0,6,0,2,21.4,medium,3,"(15.56, 22.14]",92.2,very_high,"(77.76, 97.2]",5,9.04165,low,1,902,2507,3409
134,1,spring,0,5,15,0,0,0,2,23.1,high,4,"(22.14, 28.72]",86.7,very_high,"(77.76, 97.2]",5,10.249593,low,1,1582,2971,4553
135,1,spring,0,5,16,0,1,1,1,23.7,high,4,"(22.14, 28.72]",78.8,very_high,"(77.76, 97.2]",5,8.500357,low,1,773,3185,3958
136,1,spring,0,5,17,0,2,1,2,23.0,high,4,"(22.14, 28.72]",83.8,very_high,"(77.76, 97.2]",5,18.582718,medium,2,678,3445,4123
137,1,spring,0,5,18,0,3,1,2,22.6,high,4,"(22.14, 28.72]",87.0,very_high,"(77.76, 97.2]",5,13.499964,low,1,536,3319,3855
138,1,spring,0,5,19,0,4,1,2,21.8,medium,3,"(15.56, 22.14]",83.0,very_high,"(77.76, 97.2]",5,7.250271,very_low,very_low,735,3840,4575
139,1,spring,0,5,20,0,5,1,1,22.0,medium,3,"(15.56, 22.14]",72.0,high,"(58.32, 77.76]",4,8.375871,low,1,909,4008,4917
140,1,spring,0,5,21,0,6,0,1,24.7,high,4,"(22.14, 28.72]",62.7,high,"(58.32, 77.76]",4,8.08355,low,1,2258,3547,5805
141,1,spring,0,5,22,0,0,0,1,24.8,high,4,"(22.14, 28.72]",75.0,high,"(58.32, 77.76]",4,9.916536,low,1,1576,3084,4660
142,1,spring,0,5,23,0,1,1,2,25.9,high,4,"(22.14, 28.72]",81.0,very_high,"(77.76, 97.2]",5,15.667414,medium,2,836,3438,4274
143,1,spring,0,5,24,0,2,1,2,27.1,high,4,"(22.14, 28.72]",74.1,high,"(58.32, 77.76]",4,13.875164,low,1,659,3833,4492
144,1,spring,0,5,25,0,3,1,1,27.1,high,4,"(22.14, 28.72]",69.6,high,"(58.32, 77.76]",4,10.333611,low,1,740,4238,4978
145,1,spring,0,5,26,0,4,1,1,29.0,very_high,5,"(28.72, 35.3]",67.8,high,"(58.32, 77.76]",4,13.376014,low,1,758,3919,4677
146,1,spring,0,5,27,0,5,1,1,27.9,high,4,"(22.14, 28.72]",65.4,high,"(58.32, 77.76]",4,16.125493,medium,2,871,3808,4679
147,1,spring,0,5,28,0,6,0,1,26.9,high,4,"(22.14, 28.72]",73.0,high,"(58.32, 77.76]",4,15.416164,medium,2,2001,2757,4758
148,1,spring,0,5,29,0,0,0,1,27.4,high,4,"(22.14, 28.72]",81.9,very_high,"(77.76, 97.2]",5,14.333846,low,1,2355,2433,4788
149,1,spring,0,5,30,1,1,0,1,30.1,very_high,5,"(28.72, 35.3]",68.5,high,"(58.32, 77.76]",4,8.792075,low,1,1549,2549,4098
150,1,spring,0,5,31,0,2,1,1,31.8,very_high,5,"(28.72, 35.3]",63.7,high,"(58.32, 77.76]",4,7.459043,very_low,very_low,673,3309,3982
151,1,winter,0,6,01,0,3,1,2,31.3,very_high,5,"(28.72, 35.3]",67.7,high,"(58.32, 77.76]",4,13.875164,low,1,513,3461,3974
152,1,winter,0,6,02,0,4,1,1,29.3,very_high,5,"(28.72, 35.3]",30.5,low,"(19.44, 38.88]",2,19.583229,medium,2,736,4232,4968
153,1,winter,0,6,03,0,5,1,1,25.4,high,4,"(22.14, 28.72]",35.4,low,"(19.44, 38.88]",2,16.959107,medium,2,898,4414,5312
154,1,spring,0,6,04,0,6,0,1,26.0,high,4,"(22.14, 28.72]",45.6,medium,"(38.88, 58.32]",3,8.250514,low,1,1869,3473,5342
155,1,spring,0,6,05,0,0,0,2,26.6,high,4,"(22.14, 28.72]",65.2,high,"(58.32, 77.76]",4,9.292364,low,1,1685,3221,4906
156,1,spring,0,6,06,0,1,1,1,27.8,high,4,"(22.14, 28.72]",60.0,high,"(58.32, 77.76]",4,8.167032,low,1,673,3875,4548
157,2,summer,0,6,07,0,2,1,1,29.0,very_high,5,"(28.72, 35.3]",59.8,high,"(58.32, 77.76]",4,12.583136,low,1,763,4070,4833
158,2,summer,0,6,08,0,3,1,1,31.8,very_high,5,"(28.72, 35.3]",62.2,high,"(58.32, 77.76]",4,9.166739,low,1,676,3725,4401
159,2,summer,0,6,09,0,4,1,2,33.1,very_high,5,"(28.72, 35.3]",56.8,medium,"(38.88, 58.32]",3,10.042161,low,1,563,3352,3915
160,3,autumn,0,6,10,0,5,1,1,31.0,very_high,5,"(28.72, 35.3]",60.5,high,"(58.32, 77.76]",4,9.417118,low,1,815,3771,4586
161,3,autumn,0,6,11,0,6,0,1,29.7,very_high,5,"(28.72, 35.3]",65.5,high,"(58.32, 77.76]",4,10.37495,low,1,1729,3237,4966
162,3,autumn,0,6,12,0,0,0,1,28.4,high,4,"(22.14, 28.72]",74.8,high,"(58.32, 77.76]",4,10.958989,low,1,1467,2993,4460
163,1,spring,0,6,13,0,1,1,1,26.0,high,4,"(22.14, 28.72]",49.5,medium,"(38.88, 58.32]",3,20.45845,medium,2,863,4157,5020
164,1,spring,0,6,14,0,2,1,1,24.8,high,4,"(22.14, 28.72]",50.7,medium,"(38.88, 58.32]",3,18.041961,medium,2,727,4164,4891
165,1,spring,0,6,15,0,3,1,1,25.7,high,4,"(22.14, 28.72]",47.2,medium,"(38.88, 58.32]",3,11.250104,low,1,769,4411,5180
166,1,spring,0,6,16,0,4,1,2,25.8,high,4,"(22.14, 28.72]",68.8,high,"(58.32, 77.76]",4,13.833557,low,1,545,3222,3767
167,1,spring,0,6,17,0,5,1,1,26.6,high,4,"(22.14, 28.72]",73.6,high,"(58.32, 77.76]",4,9.582943,low,1,863,3981,4844
168,1,spring,0,6,18,0,6,0,1,28.6,high,4,"(22.14, 28.72]",67.0,high,"(58.32, 77.76]",4,8.000336,low,1,1807,3312,5119
169,1,spring,0,6,19,0,0,0,2,28.7,high,4,"(22.14, 28.72]",66.7,high,"(58.32, 77.76]",4,6.834,very_low,very_low,1639,3105,4744
170,1,spring,0,6,20,0,1,1,2,26.0,high,4,"(22.14, 28.72]",74.6,high,"(58.32, 77.76]",4,10.416825,low,1,699,3311,4010
171,1,spring,0,6,21,0,2,1,2,27.9,high,4,"(22.14, 28.72]",77.0,high,"(58.32, 77.76]",4,11.458675,low,1,774,4061,4835
172,1,spring,0,6,22,0,3,1,1,30.1,very_high,5,"(28.72, 35.3]",70.8,high,"(58.32, 77.76]",4,11.541554,low,1,661,3846,4507
173,1,spring,0,6,23,0,4,1,2,29.9,very_high,5,"(28.72, 35.3]",70.3,high,"(58.32, 77.76]",4,15.999868,medium,2,746,4044,4790
174,1,spring,0,6,24,0,5,1,1,29.7,very_high,5,"(28.72, 35.3]",57.3,medium,"(38.88, 58.32]",3,14.875675,medium,2,969,4022,4991
175,1,spring,0,6,25,0,6,0,1,28.5,high,4,"(22.14, 28.72]",48.3,medium,"(38.88, 58.32]",3,14.041257,low,1,1782,3420,5202
176,1,spring,0,6,26,0,0,0,1,27.9,high,4,"(22.14, 28.72]",51.3,medium,"(38.88, 58.32]",3,6.3337311,very_low,very_low,1920,3385,5305
177,1,spring,0,6,27,0,1,1,2,28.0,high,4,"(22.14, 28.72]",65.8,high,"(58.32, 77.76]",4,7.208396,very_low,very_low,854,3854,4708
178,1,spring,0,6,28,0,2,1,1,30.5,very_high,5,"(28.72, 35.3]",63.4,high,"(58.32, 77.76]",4,9.666961,low,1,732,3916,4648
179,1,spring,0,6,29,0,3,1,1,29.9,very_high,5,"(28.72, 35.3]",49.8,medium,"(38.88, 58.32]",3,17.542007,medium,2,848,4377,5225
180,1,spring,0,6,30,0,4,1,1,28.6,high,4,"(22.14, 28.72]",43.4,medium,"(38.88, 58.32]",3,12.415904,low,1,1027,4488,5515
181,1,winter,0,7,01,0,5,1,1,29.6,very_high,5,"(28.72, 35.3]",39.6,medium,"(38.88, 58.32]",3,6.874736,very_low,very_low,1246,4116,5362
182,1,winter,0,7,02,0,6,0,1,30.3,very_high,5,"(28.72, 35.3]",44.5,medium,"(38.88, 58.32]",3,7.709154,very_low,very_low,2204,2915,5119
183,1,winter,0,7,03,0,0,0,2,29.4,very_high,5,"(28.72, 35.3]",68.2,high,"(58.32, 77.76]",4,15.333486,medium,2,2282,2367,4649
184,1,spring,0,7,04,1,1,0,2,29.8,very_high,5,"(28.72, 35.3]",63.8,high,"(58.32, 77.76]",4,5.4591064,very_low,very_low,3065,2978,6043
185,1,spring,0,7,05,0,2,1,1,30.6,very_high,5,"(28.72, 35.3]",59.0,high,"(58.32, 77.76]",4,8.459286,low,1,1031,3634,4665
186,1,spring,0,7,06,0,3,1,1,29.5,very_high,5,"(28.72, 35.3]",74.3,high,"(58.32, 77.76]",4,10.042161,low,1,784,3845,4629
187,2,summer,0,7,07,0,4,1,1,30.8,very_high,5,"(28.72, 35.3]",65.1,high,"(58.32, 77.76]",4,10.6664,low,1,754,3838,4592
188,2,summer,0,7,08,0,5,1,2,29.1,very_high,5,"(28.72, 35.3]",75.8,high,"(58.32, 77.76]",4,15.083643,medium,2,692,3348,4040
189,2,summer,0,7,09,0,6,0,1,30.1,very_high,5,"(28.72, 35.3]",60.9,high,"(58.32, 77.76]",4,11.250104,low,1,1988,3348,5336
190,3,autumn,0,7,10,0,0,0,1,30.6,very_high,5,"(28.72, 35.3]",57.8,medium,"(38.88, 58.32]",3,12.292557,low,1,1743,3138,4881
191,3,autumn,0,7,11,0,1,1,1,31.3,very_high,5,"(28.72, 35.3]",63.6,high,"(58.32, 77.76]",4,18.916579,medium,2,723,3363,4086
192,3,autumn,0,7,12,0,2,1,1,32.6,very_high,5,"(28.72, 35.3]",55.9,medium,"(38.88, 58.32]",3,13.417018,low,1,662,3596,4258
193,2,summer,0,7,13,0,3,1,1,30.6,very_high,5,"(28.72, 35.3]",63.2,high,"(58.32, 77.76]",4,9.790911,low,1,748,3594,4342
194,2,summer,0,7,14,0,4,1,1,27.9,high,4,"(22.14, 28.72]",47.6,medium,"(38.88, 58.32]",3,16.124689,medium,2,888,4196,5084
195,2,summer,0,7,15,0,5,1,1,27.2,high,4,"(22.14, 28.72]",59.1,high,"(58.32, 77.76]",4,12.249811,low,1,1318,4220,5538
196,2,summer,0,7,16,0,6,0,1,28.2,high,4,"(22.14, 28.72]",58.5,high,"(58.32, 77.76]",4,13.958914,low,1,2418,3505,5923
197,2,summer,0,7,17,0,0,0,1,29.5,very_high,5,"(28.72, 35.3]",60.4,high,"(58.32, 77.76]",4,16.417211,medium,2,2006,3296,5302
198,2,summer,0,7,18,0,1,1,1,30.6,very_high,5,"(28.72, 35.3]",65.1,high,"(58.32, 77.76]",4,14.458868,low,1,841,3617,4458
199,2,summer,0,7,19,0,2,1,1,31.8,very_high,5,"(28.72, 35.3]",65.0,high,"(58.32, 77.76]",4,8.7502,low,1,752,3789,4541
200,2,summer,0,7,20,0,3,1,1,31.5,very_high,5,"(28.72, 35.3]",70.7,high,"(58.32, 77.76]",4,7.625739,very_low,very_low,644,3688,4332
201,2,summer,0,7,21,0,4,1,2,33.4,very_high,5,"(28.72, 35.3]",69.1,high,"(58.32, 77.76]",4,14.875407,medium,2,632,3152,3784
202,2,summer,0,7,22,0,5,1,1,34.8,very_high,5,"(28.72, 35.3]",58.0,medium,"(38.88, 58.32]",3,8.9177,low,1,562,2825,3387
203,2,summer,0,7,23,0,6,0,1,34.8,very_high,5,"(28.72, 35.3]",50.0,medium,"(38.88, 58.32]",3,8.791807,low,1,987,2298,3285
204,2,summer,0,7,24,0,0,0,1,34.0,very_high,5,"(28.72, 35.3]",55.1,medium,"(38.88, 58.32]",3,11.334457,low,1,1050,2556,3606
205,2,summer,0,7,25,0,1,1,1,30.5,very_high,5,"(28.72, 35.3]",75.7,high,"(58.32, 77.76]",4,6.0841561,very_low,very_low,568,3272,3840
206,2,summer,0,7,26,0,2,1,1,31.6,very_high,5,"(28.72, 35.3]",54.1,medium,"(38.88, 58.32]",3,13.417286,low,1,750,3840,4590
207,2,summer,0,7,27,0,3,1,1,31.8,very_high,5,"(28.72, 35.3]",40.3,medium,"(38.88, 58.32]",3,12.292021,low,1,755,3901,4656
208,2,summer,0,7,28,0,4,1,1,31.9,very_high,5,"(28.72, 35.3]",58.3,medium,"(38.88, 58.32]",3,11.958093,low,1,606,3784,4390
209,2,summer,0,7,29,0,5,1,1,34.4,very_high,5,"(28.72, 35.3]",54.2,medium,"(38.88, 58.32]",3,11.667246,low,1,670,3176,3846
210,2,summer,0,7,30,0,6,0,1,33.0,very_high,5,"(28.72, 35.3]",46.6,medium,"(38.88, 58.32]",3,11.291979,low,1,1559,2916,4475
211,2,summer,0,7,31,0,0,0,1,33.0,very_high,5,"(28.72, 35.3]",48.1,medium,"(38.88, 58.32]",3,11.042471,low,1,1524,2778,4302
212,1,winter,0,8,01,0,1,1,1,31.6,very_high,5,"(28.72, 35.3]",55.1,medium,"(38.88, 58.32]",3,10.500039,low,1,729,3537,4266
213,1,winter,0,8,02,0,2,1,1,32.1,very_high,5,"(28.72, 35.3]",49.1,medium,"(38.88, 58.32]",3,13.79195,low,1,801,4044,4845
214,1,winter,0,8,03,0,3,1,2,30.0,very_high,5,"(28.72, 35.3]",65.8,high,"(58.32, 77.76]",4,9.084061,low,1,467,3107,3574
215,1,spring,0,8,04,0,4,1,2,29.1,very_high,5,"(28.72, 35.3]",75.8,high,"(58.32, 77.76]",4,13.20905,low,1,799,3777,4576
216,1,spring,0,8,05,0,5,1,1,29.1,very_high,5,"(28.72, 35.3]",63.1,high,"(58.32, 77.76]",4,12.374632,low,1,1023,3843,4866
217,1,spring,0,8,06,0,6,0,2,29.4,very_high,5,"(28.72, 35.3]",75.5,high,"(58.32, 77.76]",4,15.29275,medium,2,1521,2773,4294
218,2,summer,0,8,07,0,0,0,1,30.4,very_high,5,"(28.72, 35.3]",75.3,high,"(58.32, 77.76]",4,13.499629,low,1,1298,2487,3785
219,2,summer,0,8,08,0,1,1,1,31.4,very_high,5,"(28.72, 35.3]",59.2,high,"(58.32, 77.76]",4,12.875725,low,1,846,3480,4326
220,2,summer,0,8,09,0,2,1,1,31.8,very_high,5,"(28.72, 35.3]",57.0,medium,"(38.88, 58.32]",3,10.125107,low,1,907,3695,4602
221,3,autumn,0,8,10,0,3,1,1,31.4,very_high,5,"(28.72, 35.3]",42.4,medium,"(38.88, 58.32]",3,13.417286,low,1,884,3896,4780
222,3,autumn,0,8,11,0,4,1,1,29.4,very_high,5,"(28.72, 35.3]",42.4,medium,"(38.88, 58.32]",3,11.041332,low,1,812,3980,4792
223,3,autumn,0,8,12,0,5,1,1,29.0,very_high,5,"(28.72, 35.3]",41.5,medium,"(38.88, 58.32]",3,8.416607,low,1,1051,3854,4905
224,2,summer,0,8,13,0,6,0,2,28.1,high,4,"(22.14, 28.72]",73.0,high,"(58.32, 77.76]",4,14.167418,low,1,1504,2646,4150
225,2,summer,0,8,14,0,0,0,2,27.7,high,4,"(22.14, 28.72]",81.8,very_high,"(77.76, 97.2]",5,14.916411,medium,2,1338,2482,3820
226,2,summer,0,8,15,0,1,1,1,27.3,high,4,"(22.14, 28.72]",71.2,high,"(58.32, 77.76]",4,13.999918,low,1,775,3563,4338
227,2,summer,0,8,16,0,2,1,1,28.7,high,4,"(22.14, 28.72]",57.8,medium,"(38.88, 58.32]",3,15.834043,medium,2,721,4004,4725
228,2,summer,0,8,17,0,3,1,1,29.7,very_high,5,"(28.72, 35.3]",57.5,medium,"(38.88, 58.32]",3,9.625689,low,1,668,4026,4694
229,2,summer,0,8,18,0,4,1,1,29.2,very_high,5,"(28.72, 35.3]",65.5,high,"(58.32, 77.76]",4,15.624936,medium,2,639,3166,3805
230,2,summer,0,8,19,0,5,1,2,28.1,high,4,"(22.14, 28.72]",72.3,high,"(58.32, 77.76]",4,9.333636,low,1,797,3356,4153
231,2,summer,0,8,20,0,6,0,1,28.6,high,4,"(22.14, 28.72]",67.4,high,"(58.32, 77.76]",4,6.999289,very_low,very_low,1914,3277,5191
232,2,summer,0,8,21,0,0,0,1,29.1,very_high,5,"(28.72, 35.3]",77.0,high,"(58.32, 77.76]",4,16.666518,medium,2,1249,2624,3873
233,2,summer,0,8,22,0,1,1,1,28.4,high,4,"(22.14, 28.72]",47.0,medium,"(38.88, 58.32]",3,18.54225,medium,2,833,3925,4758
234,2,summer,0,8,23,0,2,1,1,26.3,high,4,"(22.14, 28.72]",45.5,medium,"(38.88, 58.32]",3,9.833121,low,1,1281,4614,5895
235,2,summer,0,8,24,0,3,1,1,27.6,high,4,"(22.14, 28.72]",60.5,high,"(58.32, 77.76]",4,16.958236,medium,2,949,4181,5130
236,2,summer,0,8,25,0,4,1,2,28.1,high,4,"(22.14, 28.72]",77.2,high,"(58.32, 77.76]",4,14.125811,low,1,435,3107,3542
237,2,summer,0,8,26,0,5,1,1,28.7,high,4,"(22.14, 28.72]",76.1,high,"(58.32, 77.76]",4,5.6254875,very_low,very_low,768,3893,4661
238,2,summer,0,8,27,0,6,0,2,27.9,high,4,"(22.14, 28.72]",85.0,very_high,"(77.76, 97.2]",5,25.166339,high,3,226,889,1115
239,2,summer,0,8,28,0,0,0,1,29.0,very_high,5,"(28.72, 35.3]",56.2,medium,"(38.88, 58.32]",3,20.412153,medium,2,1415,2919,4334
240,2,summer,0,8,29,0,1,1,1,26.1,high,4,"(22.14, 28.72]",55.5,medium,"(38.88, 58.32]",3,10.708275,low,1,729,3905,4634
241,2,summer,0,8,30,0,2,1,1,26.2,high,4,"(22.14, 28.72]",54.8,medium,"(38.88, 58.32]",3,8.375536,low,1,775,4429,5204
242,2,summer,0,8,31,0,3,1,1,26.9,high,4,"(22.14, 28.72]",59.8,high,"(58.32, 77.76]",4,5.5833311,very_low,very_low,688,4370,5058
243,1,winter,0,9,01,0,4,1,1,26.9,high,4,"(22.14, 28.72]",63.9,high,"(58.32, 77.76]",4,9.500332,low,1,783,4332,5115
244,1,winter,0,9,02,0,5,1,2,26.4,high,4,"(22.14, 28.72]",72.7,high,"(58.32, 77.76]",4,9.375243,low,1,875,3852,4727
245,1,winter,0,9,03,0,6,0,1,27.4,high,4,"(22.14, 28.72]",71.7,high,"(58.32, 77.76]",4,12.416775,low,1,1935,2549,4484
246,1,spring,0,9,04,0,0,0,1,29.1,very_high,5,"(28.72, 35.3]",74.2,high,"(58.32, 77.76]",4,13.833289,low,1,2521,2419,4940
247,1,spring,0,9,05,1,1,0,2,27.6,high,4,"(22.14, 28.72]",79.0,very_high,"(77.76, 97.2]",5,14.250632,low,1,1236,2115,3351
248,1,spring,0,9,06,0,2,1,3,22.1,medium,3,"(15.56, 22.14]",88.7,very_high,"(77.76, 97.2]",5,23.044181,high,3,204,2506,2710
249,2,summer,0,9,07,0,3,1,3,24.6,high,4,"(22.14, 28.72]",91.7,very_high,"(77.76, 97.2]",5,6.5003936,very_low,very_low,118,1878,1996
250,2,summer,0,9,08,0,4,1,3,26.0,high,4,"(22.14, 28.72]",94.0,very_high,"(77.76, 97.2]",5,12.914116,low,1,153,1689,1842
251,2,summer,0,9,09,0,5,1,2,26.6,high,4,"(22.14, 28.72]",89.8,very_high,"(77.76, 97.2]",5,8.333393,low,1,417,3127,3544
252,3,autumn,0,9,10,0,6,0,1,27.1,high,4,"(22.14, 28.72]",75.4,high,"(58.32, 77.76]",4,10.291736,low,1,1750,3595,5345
253,3,autumn,0,9,11,0,0,0,1,26.8,high,4,"(22.14, 28.72]",71.4,high,"(58.32, 77.76]",4,7.708618,very_low,very_low,1633,3413,5046
254,3,autumn,0,9,12,0,1,1,1,26.4,high,4,"(22.14, 28.72]",69.2,high,"(58.32, 77.76]",4,5.957171,very_low,very_low,690,4023,4713
255,2,summer,0,9,13,0,2,1,1,26.7,high,4,"(22.14, 28.72]",71.2,high,"(58.32, 77.76]",4,9.500868,low,1,701,4062,4763
256,2,summer,0,9,14,0,3,1,1,27.6,high,4,"(22.14, 28.72]",69.7,high,"(58.32, 77.76]",4,11.2091,low,1,647,4138,4785
257,2,summer,0,9,15,0,4,1,2,23.7,high,4,"(22.14, 28.72]",70.9,high,"(58.32, 77.76]",4,18.166782,medium,2,428,3231,3659
258,2,summer,0,9,16,0,5,1,2,19.2,medium,3,"(15.56, 22.14]",59.0,high,"(58.32, 77.76]",4,11.000261,low,1,742,4018,4760
259,2,summer,0,9,17,0,6,0,2,20.2,medium,3,"(15.56, 22.14]",71.8,high,"(58.32, 77.76]",4,12.708225,low,1,1434,3077,4511
260,2,summer,0,9,18,0,0,0,1,20.8,medium,3,"(15.56, 22.14]",69.5,high,"(58.32, 77.76]",4,11.958361,low,1,1353,2921,4274
261,2,summer,0,9,19,0,1,1,2,22.5,high,4,"(22.14, 28.72]",69.0,high,"(58.32, 77.76]",4,10.166714,low,1,691,3848,4539
262,2,summer,0,9,20,0,2,1,2,23.0,high,4,"(22.14, 28.72]",88.1,very_high,"(77.76, 97.2]",5,9.041918,low,1,438,3203,3641
263,2,summer,0,9,21,0,3,1,2,24.4,high,4,"(22.14, 28.72]",90.0,very_high,"(77.76, 97.2]",5,6.4590814,very_low,very_low,539,3813,4352
264,2,summer,0,9,22,0,4,1,2,25.8,high,4,"(22.14, 28.72]",90.2,very_high,"(77.76, 97.2]",5,8.584375,low,1,555,4240,4795
265,2,summer,0,9,23,0,5,1,2,25.0,high,4,"(22.14, 28.72]",97.2,very_high,"(77.76, 97.2]",5,5.2505689,very_low,very_low,258,2137,2395
266,2,summer,0,9,24,0,6,0,2,24.9,high,4,"(22.14, 28.72]",86.2,very_high,"(77.76, 97.2]",5,5.2516811,very_low,very_low,1776,3647,5423
267,2,summer,0,9,25,0,0,0,2,26.0,high,4,"(22.14, 28.72]",84.5,very_high,"(77.76, 97.2]",5,3.3754064,very_low,very_low,1544,3466,5010
268,2,summer,0,9,26,0,1,1,2,26.6,high,4,"(22.14, 28.72]",84.8,very_high,"(77.76, 97.2]",5,7.4169,very_low,very_low,684,3946,4630
269,2,summer,0,9,27,0,2,1,2,26.1,high,4,"(22.14, 28.72]",88.5,very_high,"(77.76, 97.2]",5,7.917457,very_low,very_low,477,3643,4120
270,2,summer,0,9,28,0,3,1,2,26.0,high,4,"(22.14, 28.72]",84.9,very_high,"(77.76, 97.2]",5,9.958143,low,1,480,3427,3907
271,2,summer,0,9,29,0,4,1,1,25.3,high,4,"(22.14, 28.72]",69.9,high,"(58.32, 77.76]",4,11.583161,low,1,653,4186,4839
272,2,summer,0,9,30,0,5,1,1,23.1,high,4,"(22.14, 28.72]",64.8,high,"(58.32, 77.76]",4,13.833825,low,1,830,4372,5202
273,1,winter,0,10,01,0,6,0,2,16.8,medium,3,"(15.56, 22.14]",75.4,high,"(58.32, 77.76]",4,19.583832,medium,2,480,1949,2429
274,1,winter,0,10,02,0,0,0,2,14.6,low,2,"(8.98, 15.56]",79.2,very_high,"(77.76, 97.2]",5,14.874871,medium,2,616,2302,2918
275,1,winter,0,10,03,0,1,1,2,15.8,medium,3,"(15.56, 22.14]",76.1,high,"(58.32, 77.76]",4,5.5841686,very_low,very_low,330,3240,3570
276,1,spring,0,10,04,0,2,1,1,19.9,medium,3,"(15.56, 22.14]",71.0,high,"(58.32, 77.76]",4,13.792218,low,1,486,3970,4456
277,1,spring,0,10,05,0,3,1,1,22.1,medium,3,"(15.56, 22.14]",64.8,high,"(58.32, 77.76]",4,11.87575,low,1,559,4267,4826
278,1,spring,0,10,06,0,4,1,1,20.3,medium,3,"(15.56, 22.14]",62.1,high,"(58.32, 77.76]",4,9.041918,low,1,639,4126,4765
279,2,summer,0,10,07,0,5,1,1,20.9,medium,3,"(15.56, 22.14]",68.4,high,"(58.32, 77.76]",4,1.5002439,very_low,very_low,949,4036,4985
280,2,summer,0,10,08,0,6,0,1,21.4,medium,3,"(15.56, 22.14]",70.1,high,"(58.32, 77.76]",4,3.0420814,very_low,very_low,2235,3174,5409
281,2,summer,0,10,09,0,0,0,1,22.2,high,4,"(22.14, 28.72]",72.8,high,"(58.32, 77.76]",4,4.25115,very_low,very_low,2397,3114,5511
282,3,autumn,0,10,10,1,1,0,1,23.4,high,4,"(22.14, 28.72]",73.4,high,"(58.32, 77.76]",4,2.8343814,very_low,very_low,1514,3603,5117
283,3,autumn,0,10,11,0,2,1,2,23.2,high,4,"(22.14, 28.72]",80.9,very_high,"(77.76, 97.2]",5,9.583814,low,1,667,3896,4563
284,3,autumn,0,10,12,0,3,1,3,22.3,high,4,"(22.14, 28.72]",90.6,very_high,"(77.76, 97.2]",5,16.62605,medium,2,217,2199,2416
285,3,autumn,0,10,13,0,4,1,2,24.2,high,4,"(22.14, 28.72]",89.7,very_high,"(77.76, 97.2]",5,9.499729,low,1,290,2623,2913
286,3,autumn,0,10,14,0,5,1,2,22.6,high,4,"(22.14, 28.72]",71.6,high,"(58.32, 77.76]",4,15.000161,medium,2,529,3115,3644
287,3,autumn,0,10,15,0,6,0,1,20.8,medium,3,"(15.56, 22.14]",48.3,medium,"(38.88, 58.32]",3,17.291561,medium,2,1899,3318,5217
288,3,autumn,0,10,16,0,0,0,1,21.0,medium,3,"(15.56, 22.14]",48.7,medium,"(38.88, 58.32]",3,18.875039,medium,2,1748,3293,5041
289,3,autumn,0,10,17,0,1,1,1,21.9,medium,3,"(15.56, 22.14]",58.0,medium,"(38.88, 58.32]",3,11.750393,low,1,713,3857,4570
290,3,autumn,0,10,18,0,2,1,2,21.8,medium,3,"(15.56, 22.14]",70.2,high,"(58.32, 77.76]",4,7.375829,very_low,very_low,637,4111,4748
291,3,autumn,0,10,19,0,3,1,3,22.2,high,4,"(22.14, 28.72]",89.5,very_high,"(77.76, 97.2]",5,16.303713,medium,2,254,2170,2424
292,3,autumn,0,10,20,0,4,1,1,19.5,medium,3,"(15.56, 22.14]",63.6,high,"(58.32, 77.76]",4,28.292425,very_high,very_high,471,3724,4195
293,3,autumn,0,10,21,0,5,1,1,17.5,medium,3,"(15.56, 22.14]",57.4,medium,"(38.88, 58.32]",3,14.833532,medium,2,676,3628,4304
294,3,autumn,0,10,22,0,6,0,1,17.3,medium,3,"(15.56, 22.14]",62.9,high,"(58.32, 77.76]",4,6.2086689,very_low,very_low,1499,2809,4308
295,3,autumn,0,10,23,0,0,0,1,17.3,medium,3,"(15.56, 22.14]",74.1,high,"(58.32, 77.76]",4,6.6673375,very_low,very_low,1619,2762,4381
296,3,autumn,0,10,24,0,1,1,1,19.0,medium,3,"(15.56, 22.14]",77.2,high,"(58.32, 77.76]",4,7.959064,very_low,very_low,699,3488,4187
297,3,autumn,0,10,25,0,2,1,1,19.3,medium,3,"(15.56, 22.14]",62.3,high,"(58.32, 77.76]",4,11.166086,low,1,695,3992,4687
298,3,autumn,0,10,26,0,3,1,2,19.9,medium,3,"(15.56, 22.14]",72.0,high,"(58.32, 77.76]",4,9.959014,low,1,404,3490,3894
299,3,autumn,0,10,27,0,4,1,2,19.3,medium,3,"(15.56, 22.14]",81.3,very_high,"(77.76, 97.2]",5,13.250121,low,1,240,2419,2659
300,3,autumn,0,10,28,0,5,1,2,13.6,low,2,"(8.98, 15.56]",58.6,high,"(58.32, 77.76]",4,15.375093,medium,2,456,3291,3747
301,3,autumn,0,10,29,0,6,0,3,10.4,low,2,"(8.98, 15.56]",88.2,very_high,"(77.76, 97.2]",5,23.541857,high,3,57,570,627
302,3,autumn,0,10,30,0,0,0,1,13.1,low,2,"(8.98, 15.56]",62.4,high,"(58.32, 77.76]",4,11.833339,low,1,885,2446,3331
303,3,autumn,0,10,31,0,1,1,1,13.9,low,2,"(8.98, 15.56]",70.3,high,"(58.32, 77.76]",4,7.12545,very_low,very_low,362,3307,3669
304,1,winter,0,11,01,0,2,1,1,16.4,medium,3,"(15.56, 22.14]",68.4,high,"(58.32, 77.76]",4,9.083257,low,1,410,3658,4068
305,1,winter,0,11,02,0,3,1,1,15.5,low,2,"(8.98, 15.56]",71.9,high,"(58.32, 77.76]",4,5.5001439,very_low,very_low,370,3816,4186
306,1,winter,0,11,03,0,4,1,1,16.7,medium,3,"(15.56, 22.14]",70.2,high,"(58.32, 77.76]",4,9.166739,low,1,318,3656,3974
307,1,spring,0,11,04,0,5,1,2,16.5,medium,3,"(15.56, 22.14]",62.2,high,"(58.32, 77.76]",4,18.209193,medium,2,470,3576,4046
308,1,spring,0,11,05,0,6,0,1,13.4,low,2,"(8.98, 15.56]",51.9,medium,"(38.88, 58.32]",3,12.667154,low,1,1156,2770,3926
309,1,spring,0,11,06,0,0,0,1,14.3,low,2,"(8.98, 15.56]",73.5,high,"(58.32, 77.76]",4,6.1676314,very_low,very_low,952,2697,3649
310,2,summer,0,11,07,0,1,1,1,16.2,medium,3,"(15.56, 22.14]",75.9,high,"(58.32, 77.76]",4,3.834075,very_low,very_low,373,3662,4035
311,2,summer,0,11,08,0,2,1,1,16.7,medium,3,"(15.56, 22.14]",72.2,high,"(58.32, 77.76]",4,4.6255125,very_low,very_low,376,3829,4205
312,2,summer,0,11,09,0,3,1,1,16.4,medium,3,"(15.56, 22.14]",75.8,high,"(58.32, 77.76]",4,4.1671186,very_low,very_low,305,3804,4109
313,3,autumn,0,11,10,0,4,1,2,15.6,medium,3,"(15.56, 22.14]",81.3,very_high,"(77.76, 97.2]",5,12.667489,low,1,190,2743,2933
314,3,autumn,0,11,11,1,5,0,1,13.3,low,2,"(8.98, 15.56]",44.6,medium,"(38.88, 58.32]",3,21.083225,high,3,440,2928,3368
315,3,autumn,0,11,12,0,6,0,1,14.6,low,2,"(8.98, 15.56]",55.3,medium,"(38.88, 58.32]",3,14.208154,low,1,1275,2792,4067
316,3,autumn,0,11,13,0,0,0,1,18.1,medium,3,"(15.56, 22.14]",45.8,medium,"(38.88, 58.32]",3,18.875307,medium,2,1004,2713,3717
317,3,autumn,0,11,14,0,1,1,1,21.7,medium,3,"(15.56, 22.14]",58.7,high,"(58.32, 77.76]",4,20.541932,medium,2,595,3891,4486
318,3,autumn,0,11,15,0,2,1,2,21.7,medium,3,"(15.56, 22.14]",68.9,high,"(58.32, 77.76]",4,13.375411,low,1,449,3746,4195
319,3,autumn,0,11,16,0,3,1,3,18.7,medium,3,"(15.56, 22.14]",93.0,very_high,"(77.76, 97.2]",5,9.167543,low,1,145,1672,1817
320,3,autumn,0,11,17,0,4,1,2,14.0,low,2,"(8.98, 15.56]",57.6,medium,"(38.88, 58.32]",3,20.459254,medium,2,139,2914,3053
321,3,autumn,0,11,18,0,5,1,1,11.2,low,2,"(8.98, 15.56]",41.0,medium,"(38.88, 58.32]",3,11.291711,low,1,245,3147,3392
322,3,autumn,0,11,19,0,6,0,1,13.5,low,2,"(8.98, 15.56]",50.2,medium,"(38.88, 58.32]",3,15.041232,medium,2,943,2720,3663
323,3,autumn,0,11,20,0,0,0,2,19.0,medium,3,"(15.56, 22.14]",68.5,high,"(58.32, 77.76]",4,12.45865,low,1,787,2733,3520
324,3,autumn,0,11,21,0,1,1,3,18.3,medium,3,"(15.56, 22.14]",91.0,very_high,"(77.76, 97.2]",5,9.249618,low,1,220,2545,2765
325,3,autumn,0,11,22,0,2,1,3,17.1,medium,3,"(15.56, 22.14]",96.2,very_high,"(77.76, 97.2]",5,7.959064,very_low,very_low,69,1538,1607
326,3,autumn,0,11,23,0,3,1,2,18.1,medium,3,"(15.56, 22.14]",75.8,high,"(58.32, 77.76]",4,22.500275,high,3,112,2454,2566
327,3,autumn,0,11,24,1,4,0,1,15.3,low,2,"(8.98, 15.56]",54.9,medium,"(38.88, 58.32]",3,11.209368,low,1,560,935,1495
328,3,autumn,0,11,25,0,5,1,1,15.4,low,2,"(8.98, 15.56]",64.4,high,"(58.32, 77.76]",4,6.6260186,very_low,very_low,1095,1697,2792
329,3,autumn,0,11,26,0,6,0,1,15.4,low,2,"(8.98, 15.56]",68.2,high,"(58.32, 77.76]",4,4.5841936,very_low,very_low,1249,1819,3068
330,3,autumn,0,11,27,0,0,0,1,18.8,medium,3,"(15.56, 22.14]",69.8,high,"(58.32, 77.76]",4,13.999918,low,1,810,2261,3071
331,3,autumn,0,11,28,0,1,1,1,20.6,medium,3,"(15.56, 22.14]",74.3,high,"(58.32, 77.76]",4,9.522174,low,1,253,3614,3867
332,3,autumn,0,11,29,0,2,1,2,18.8,medium,3,"(15.56, 22.14]",83.1,very_high,"(77.76, 97.2]",5,17.292164,medium,2,96,2818,2914
333,3,autumn,0,11,30,0,3,1,1,13.3,low,2,"(8.98, 15.56]",61.3,high,"(58.32, 77.76]",4,18.167586,medium,2,188,3425,3613
334,1,winter,0,12,01,0,4,1,1,12.8,low,2,"(8.98, 15.56]",52.5,medium,"(38.88, 58.32]",3,14.750586,medium,2,182,3545,3727
335,1,winter,0,12,02,0,5,1,1,12.9,low,2,"(8.98, 15.56]",62.6,high,"(58.32, 77.76]",4,6.750518,very_low,very_low,268,3672,3940
336,1,winter,0,12,03,0,6,0,1,12.3,low,2,"(8.98, 15.56]",61.3,high,"(58.32, 77.76]",4,6.4174811,very_low,very_low,706,2908,3614
337,1,spring,0,12,04,0,0,0,1,13.6,low,2,"(8.98, 15.56]",77.6,high,"(58.32, 77.76]",4,5.6252061,very_low,very_low,634,2851,3485
338,1,spring,0,12,05,0,1,1,2,15.8,medium,3,"(15.56, 22.14]",82.7,very_high,"(77.76, 97.2]",5,4.1679561,very_low,very_low,233,3578,3811
339,1,spring,0,12,06,0,2,1,3,19.0,medium,3,"(15.56, 22.14]",95.0,very_high,"(77.76, 97.2]",5,15.583061,medium,2,126,2468,2594
340,2,summer,0,12,07,0,3,1,3,16.8,medium,3,"(15.56, 22.14]",97.0,very_high,"(77.76, 97.2]",5,17.833725,medium,2,50,655,705
341,2,summer,0,12,08,0,4,1,1,10.9,low,2,"(8.98, 15.56]",58.0,medium,"(38.88, 58.32]",3,16.083886,medium,2,150,3172,3322
342,2,summer,0,12,09,0,5,1,1,11.9,low,2,"(8.98, 15.56]",69.6,high,"(58.32, 77.76]",4,5.5420189,very_low,very_low,261,3359,3620
343,3,autumn,0,12,10,0,6,0,1,11.3,low,2,"(8.98, 15.56]",50.8,medium,"(38.88, 58.32]",3,15.625807,medium,2,502,2688,3190
344,3,autumn,0,12,11,0,0,0,1,9.1,low,2,"(8.98, 15.56]",49.0,medium,"(38.88, 58.32]",3,4.4582939,very_low,very_low,377,2366,2743
345,3,autumn,0,12,12,0,1,1,1,9.8,low,2,"(8.98, 15.56]",67.1,high,"(58.32, 77.76]",4,4.25115,very_low,very_low,143,3167,3310
346,3,autumn,0,12,13,0,2,1,1,11.6,low,2,"(8.98, 15.56]",59.0,high,"(58.32, 77.76]",4,9.41685,low,1,155,3368,3523
347,3,autumn,0,12,14,0,3,1,2,13.0,low,2,"(8.98, 15.56]",66.4,high,"(58.32, 77.76]",4,4.0842061,very_low,very_low,178,3562,3740
348,3,autumn,0,12,15,0,4,1,2,17.3,medium,3,"(15.56, 22.14]",63.4,high,"(58.32, 77.76]",4,17.958814,medium,2,181,3528,3709
349,3,autumn,0,12,16,0,5,1,2,15.4,low,2,"(8.98, 15.56]",50.0,medium,"(38.88, 58.32]",3,17.458525,medium,2,178,3399,3577
350,3,autumn,0,12,17,0,6,0,2,10.6,low,2,"(8.98, 15.56]",56.1,medium,"(38.88, 58.32]",3,16.292189,medium,2,275,2464,2739
351,3,autumn,0,12,18,0,0,0,1,9.8,low,2,"(8.98, 15.56]",58.6,high,"(58.32, 77.76]",4,11.375193,low,1,220,2211,2431
352,3,autumn,0,12,19,0,1,1,1,11.3,low,2,"(8.98, 15.56]",63.8,high,"(58.32, 77.76]",4,11.584032,low,1,260,3143,3403
353,3,autumn,0,12,20,0,2,1,2,15.8,medium,3,"(15.56, 22.14]",59.5,high,"(58.32, 77.76]",4,4.1252436,very_low,very_low,216,3534,3750
354,3,autumn,0,12,21,0,3,1,2,17.6,medium,3,"(15.56, 22.14]",85.8,very_high,"(77.76, 97.2]",5,14.8338,medium,2,107,2553,2660
355,3,autumn,0,12,22,0,4,1,2,17.4,medium,3,"(15.56, 22.14]",75.8,high,"(58.32, 77.76]",4,3.167425,very_low,very_low,227,2841,3068
356,3,autumn,0,12,23,0,5,1,1,15.3,low,2,"(8.98, 15.56]",68.6,high,"(58.32, 77.76]",4,18.374482,medium,2,163,2046,2209
357,3,autumn,0,12,24,0,6,0,1,12.4,low,2,"(8.98, 15.56]",54.2,medium,"(38.88, 58.32]",3,12.750368,low,1,155,856,1011
358,3,autumn,0,12,25,0,0,0,1,11.3,low,2,"(8.98, 15.56]",68.1,high,"(58.32, 77.76]",4,10.391097,low,1,303,451,754
359,3,autumn,0,12,26,1,1,0,1,13.2,low,2,"(8.98, 15.56]",50.7,medium,"(38.88, 58.32]",3,16.044155,medium,2,430,887,1317
360,3,autumn,0,12,27,0,2,1,2,13.3,low,2,"(8.98, 15.56]",76.2,high,"(58.32, 77.76]",4,12.62615,low,1,103,1059,1162
361,3,autumn,0,12,28,0,3,1,1,12.3,low,2,"(8.98, 15.56]",50.4,medium,"(38.88, 58.32]",3,19.695387,medium,2,255,2047,2302
362,3,autumn,0,12,29,0,4,1,1,10.2,low,2,"(8.98, 15.56]",57.4,medium,"(38.88, 58.32]",3,8.000604,low,1,254,2169,2423
363,3,autumn,0,12,30,0,5,1,1,12.8,low,2,"(8.98, 15.56]",63.7,high,"(58.32, 77.76]",4,9.000579,low,1,491,2508,2999
364,3,autumn,0,12,31,0,6,0,1,16.8,medium,3,"(15.56, 22.14]",61.6,high,"(58.32, 77.76]",4,14.750318,medium,2,665,1820,2485
365,1,winter,1,1,01,0,0,0,1,15.2,low,2,"(8.98, 15.56]",69.2,high,"(58.32, 77.76]",4,12.875189,low,1,686,1608,2294
366,1,winter,1,1,02,1,1,0,1,11.2,low,2,"(8.98, 15.56]",38.1,low,"(19.44, 38.88]",2,22.087555,high,3,244,1707,1951
367,1,winter,1,1,03,0,2,1,1,6.2,very_low,1,"(2.367, 8.98]",44.1,medium,"(38.88, 58.32]",3,24.499957,high,3,89,2147,2236
368,1,spring,1,1,04,0,3,1,2,4.4,very_low,1,"(2.367, 8.98]",41.5,medium,"(38.88, 58.32]",3,12.3749,low,1,95,2273,2368
369,1,spring,1,1,05,0,4,1,1,10.9,low,2,"(8.98, 15.56]",52.4,medium,"(38.88, 58.32]",3,8.709129,low,1,140,3132,3272
370,1,spring,1,1,06,0,5,1,1,13.7,low,2,"(8.98, 15.56]",54.2,medium,"(38.88, 58.32]",3,11.249836,low,1,307,3791,4098
371,2,summer,1,1,07,0,6,0,1,16.1,medium,3,"(15.56, 22.14]",53.2,medium,"(38.88, 58.32]",3,11.708786,low,1,1070,3451,4521
372,2,summer,1,1,08,0,0,0,1,13.8,low,2,"(8.98, 15.56]",46.5,medium,"(38.88, 58.32]",3,12.833314,low,1,599,2826,3425
373,2,summer,1,1,09,0,1,1,2,9.2,low,2,"(8.98, 15.56]",70.2,high,"(58.32, 77.76]",4,6.6263,very_low,very_low,106,2270,2376
374,3,autumn,1,1,10,0,2,1,1,12.7,low,2,"(8.98, 15.56]",64.7,high,"(58.32, 77.76]",4,12.565984,low,1,173,3425,3598
375,3,autumn,1,1,11,0,3,1,2,11.2,low,2,"(8.98, 15.56]",84.8,very_high,"(77.76, 97.2]",5,8.791807,low,1,92,2085,2177
376,3,autumn,1,1,12,0,4,1,2,15.7,medium,3,"(15.56, 22.14]",80.3,very_high,"(77.76, 97.2]",5,12.124789,low,1,269,3828,4097
377,1,winter,1,1,13,0,5,1,1,11.2,low,2,"(8.98, 15.56]",50.8,medium,"(38.88, 58.32]",3,25.333236,high,3,174,3040,3214
378,1,winter,1,1,14,0,6,0,1,7.4,very_low,1,"(2.367, 8.98]",45.8,medium,"(38.88, 58.32]",3,12.541261,low,1,333,2160,2493
379,1,winter,1,1,15,0,0,0,1,6.8,very_low,1,"(2.367, 8.98]",41.9,medium,"(38.88, 58.32]",3,16.834286,medium,2,284,2027,2311
380,1,winter,1,1,16,1,1,0,1,7.8,very_low,1,"(2.367, 8.98]",52.2,medium,"(38.88, 58.32]",3,15.500986,medium,2,217,2081,2298
381,1,winter,1,1,17,0,2,1,2,15.3,low,2,"(8.98, 15.56]",71.6,high,"(58.32, 77.76]",4,23.39171,high,3,127,2808,2935
382,1,winter,1,1,18,0,3,1,1,12.4,low,2,"(8.98, 15.56]",44.3,medium,"(38.88, 58.32]",3,27.833743,very_high,very_high,109,3267,3376
383,1,winter,1,1,19,0,4,1,1,7.8,very_low,1,"(2.367, 8.98]",49.8,medium,"(38.88, 58.32]",3,14.750586,medium,2,130,3162,3292
384,1,winter,1,1,20,0,5,1,2,8.9,very_low,1,"(2.367, 8.98]",45.0,medium,"(38.88, 58.32]",3,13.58425,low,1,115,3048,3163
385,1,winter,1,1,21,0,6,0,2,7.1,very_low,1,"(2.367, 8.98]",83.1,very_high,"(77.76, 97.2]",5,14.917014,medium,2,67,1234,1301
386,1,winter,1,1,22,0,0,0,2,6.7,very_low,1,"(2.367, 8.98]",79.6,very_high,"(77.76, 97.2]",5,13.375746,low,1,196,1781,1977
387,1,winter,1,1,23,0,1,1,2,9.0,low,2,"(8.98, 15.56]",91.1,very_high,"(77.76, 97.2]",5,7.417436,very_low,very_low,145,2287,2432
388,1,winter,1,1,24,0,2,1,1,14.0,low,2,"(8.98, 15.56]",83.6,very_high,"(77.76, 97.2]",5,8.292389,low,1,439,3900,4339
389,1,winter,1,1,25,0,3,1,1,12.1,low,2,"(8.98, 15.56]",64.4,high,"(58.32, 77.76]",4,10.791757,low,1,467,3803,4270
390,1,winter,1,1,26,0,4,1,2,14.0,low,2,"(8.98, 15.56]",77.0,high,"(58.32, 77.76]",4,4.9175186,very_low,very_low,244,3831,4075
391,1,winter,1,1,27,0,5,1,2,17.4,medium,3,"(15.56, 22.14]",74.1,high,"(58.32, 77.76]",4,22.958689,high,3,269,3187,3456
392,1,winter,1,1,28,0,6,0,1,12.9,low,2,"(8.98, 15.56]",54.3,medium,"(38.88, 58.32]",3,14.125543,low,1,775,3248,4023
393,1,winter,1,1,29,0,0,0,1,11.6,low,2,"(8.98, 15.56]",31.1,low,"(19.44, 38.88]",2,16.08335,medium,2,558,2685,3243
394,1,winter,1,1,30,0,1,1,1,11.0,low,2,"(8.98, 15.56]",40.1,medium,"(38.88, 58.32]",3,14.458064,low,1,126,3498,3624
395,1,winter,1,1,31,0,2,1,1,16.0,medium,3,"(15.56, 22.14]",41.7,medium,"(38.88, 58.32]",3,17.541739,medium,2,324,4185,4509
396,1,winter,1,2,01,0,3,1,1,19.2,medium,3,"(15.56, 22.14]",50.8,medium,"(38.88, 58.32]",3,12.667489,low,1,304,4275,4579
397,1,winter,1,2,02,0,4,1,2,16.4,medium,3,"(15.56, 22.14]",67.3,high,"(58.32, 77.76]",4,12.541529,low,1,190,3571,3761
398,1,winter,1,2,03,0,5,1,1,12.8,low,2,"(8.98, 15.56]",52.7,medium,"(38.88, 58.32]",3,11.959232,low,1,310,3841,4151
399,1,spring,1,2,04,0,6,0,2,10.8,low,2,"(8.98, 15.56]",78.0,very_high,"(77.76, 97.2]",5,8.167032,low,1,384,2448,2832
400,1,spring,1,2,05,0,0,0,2,10.9,low,2,"(8.98, 15.56]",68.8,high,"(58.32, 77.76]",4,11.791732,low,1,318,2629,2947
401,1,spring,1,2,06,0,1,1,1,11.6,low,2,"(8.98, 15.56]",62.2,high,"(58.32, 77.76]",4,10.3046,low,1,206,3578,3784
402,2,summer,1,2,07,0,2,1,1,14.5,low,2,"(8.98, 15.56]",49.6,medium,"(38.88, 58.32]",3,9.874393,low,1,199,4176,4375
403,2,summer,1,2,08,0,3,1,2,10.5,low,2,"(8.98, 15.56]",72.3,high,"(58.32, 77.76]",4,8.959307,low,1,109,2693,2802
404,2,summer,1,2,09,0,4,1,1,10.9,low,2,"(8.98, 15.56]",56.2,medium,"(38.88, 58.32]",3,13.000479,low,1,163,3667,3830
405,3,autumn,1,2,10,0,5,1,2,11.5,low,2,"(8.98, 15.56]",54.0,medium,"(38.88, 58.32]",3,7.834243,very_low,very_low,227,3604,3831
406,3,autumn,1,2,11,0,6,0,3,9.2,low,2,"(8.98, 15.56]",73.1,high,"(58.32, 77.76]",4,19.416332,medium,2,192,1977,2169
407,3,autumn,1,2,12,0,0,0,1,5.2,very_low,1,"(2.367, 8.98]",46.5,medium,"(38.88, 58.32]",3,27.417204,high,3,73,1456,1529
408,1,winter,1,2,13,0,1,1,1,9.1,low,2,"(8.98, 15.56]",41.1,medium,"(38.88, 58.32]",3,11.207961,low,1,94,3328,3422
409,1,winter,1,2,14,0,2,1,2,13.1,low,2,"(8.98, 15.56]",50.9,medium,"(38.88, 58.32]",3,9.458993,low,1,135,3787,3922
410,1,winter,1,2,15,0,3,1,1,14.3,low,2,"(8.98, 15.56]",53.1,medium,"(38.88, 58.32]",3,12.1672,low,1,141,4028,4169
411,1,winter,1,2,16,0,4,1,2,13.0,low,2,"(8.98, 15.56]",75.3,high,"(58.32, 77.76]",4,6.125475,very_low,very_low,74,2931,3005
412,1,winter,1,2,17,0,5,1,1,14.1,low,2,"(8.98, 15.56]",63.5,high,"(58.32, 77.76]",4,13.791682,low,1,349,3805,4154
413,1,winter,1,2,18,0,6,0,1,14.2,low,2,"(8.98, 15.56]",53.5,medium,"(38.88, 58.32]",3,12.792243,low,1,1435,2883,4318
414,1,winter,1,2,19,0,0,0,2,11.5,low,2,"(8.98, 15.56]",51.6,medium,"(38.88, 58.32]",3,16.958504,medium,2,618,2071,2689
415,1,winter,1,2,20,1,1,0,1,11.5,low,2,"(8.98, 15.56]",50.8,medium,"(38.88, 58.32]",3,15.348561,medium,2,502,2627,3129
416,1,winter,1,2,21,0,2,1,1,11.8,low,2,"(8.98, 15.56]",59.4,high,"(58.32, 77.76]",4,13.783039,low,1,163,3614,3777
417,1,winter,1,2,22,0,3,1,1,16.2,medium,3,"(15.56, 22.14]",56.8,medium,"(38.88, 58.32]",3,15.709557,medium,2,394,4379,4773
418,1,winter,1,2,23,0,4,1,1,18.6,medium,3,"(15.56, 22.14]",55.5,medium,"(38.88, 58.32]",3,12.791171,low,1,516,4546,5062
419,1,winter,1,2,24,0,5,1,2,16.7,medium,3,"(15.56, 22.14]",73.8,high,"(58.32, 77.76]",4,15.916989,medium,2,246,3241,3487
420,1,winter,1,2,25,0,6,0,1,11.9,low,2,"(8.98, 15.56]",39.6,medium,"(38.88, 58.32]",3,28.250014,very_high,very_high,317,2415,2732
421,1,winter,1,2,26,0,0,0,1,11.4,low,2,"(8.98, 15.56]",41.0,medium,"(38.88, 58.32]",3,13.750343,low,1,515,2874,3389
422,1,winter,1,2,27,0,1,1,1,15.0,low,2,"(8.98, 15.56]",49.1,medium,"(38.88, 58.32]",3,17.958211,medium,2,253,4069,4322
423,1,winter,1,2,28,0,2,1,1,14.7,low,2,"(8.98, 15.56]",39.6,medium,"(38.88, 58.32]",3,12.958939,low,1,229,4134,4363
424,1,winter,1,3,01,0,4,1,1,19.9,medium,3,"(15.56, 22.14]",61.5,high,"(58.32, 77.76]",4,15.208129,medium,2,325,4665,4990
425,1,winter,1,3,02,0,5,1,2,14.5,low,2,"(8.98, 15.56]",65.7,high,"(58.32, 77.76]",4,9.708568,low,1,246,2948,3194
426,1,winter,1,3,03,0,6,0,2,17.0,medium,3,"(15.56, 22.14]",62.1,high,"(58.32, 77.76]",4,10.792293,low,1,956,3110,4066
427,1,spring,1,3,04,0,0,0,1,13.4,low,2,"(8.98, 15.56]",40.3,medium,"(38.88, 58.32]",3,22.416257,high,3,710,2713,3423
428,1,spring,1,3,05,0,1,1,1,10.0,low,2,"(8.98, 15.56]",50.6,medium,"(38.88, 58.32]",3,15.333486,medium,2,203,3130,3333
429,1,spring,1,3,06,0,2,1,1,10.6,low,2,"(8.98, 15.56]",45.7,medium,"(38.88, 58.32]",3,13.458625,low,1,221,3735,3956
430,2,summer,1,3,07,0,3,1,1,16.6,medium,3,"(15.56, 22.14]",51.3,medium,"(38.88, 58.32]",3,23.167193,high,3,432,4484,4916
431,2,summer,1,3,08,0,4,1,1,21.6,medium,3,"(15.56, 22.14]",56.8,medium,"(38.88, 58.32]",3,29.584721,very_high,very_high,486,4896,5382
432,2,summer,1,3,09,0,5,1,2,16.8,medium,3,"(15.56, 22.14]",40.7,medium,"(38.88, 58.32]",3,27.7916,very_high,very_high,447,4122,4569
433,3,autumn,1,3,10,0,6,0,1,11.8,low,2,"(8.98, 15.56]",35.0,low,"(19.44, 38.88]",2,15.12525,medium,2,968,3150,4118
434,3,autumn,1,3,11,0,0,0,1,14.8,low,2,"(8.98, 15.56]",47.7,medium,"(38.88, 58.32]",3,14.913329,medium,2,1658,3253,4911
435,3,autumn,1,3,12,0,1,1,1,19.1,medium,3,"(15.56, 22.14]",48.9,medium,"(38.88, 58.32]",3,13.916771,low,1,838,4460,5298
436,1,winter,1,3,13,0,2,1,1,23.2,high,4,"(22.14, 28.72]",61.8,high,"(58.32, 77.76]",4,15.87565,medium,2,762,5085,5847
437,1,winter,1,3,14,0,3,1,1,23.5,high,4,"(22.14, 28.72]",50.7,medium,"(38.88, 58.32]",3,7.709154,very_low,very_low,997,5315,6312
438,1,winter,1,3,15,0,4,1,1,22.9,high,4,"(22.14, 28.72]",58.0,medium,"(38.88, 58.32]",3,10.042161,low,1,1005,5187,6192
439,1,winter,1,3,16,0,5,1,2,17.9,medium,3,"(15.56, 22.14]",84.2,very_high,"(77.76, 97.2]",5,7.583864,very_low,very_low,548,3830,4378
440,1,winter,1,3,17,0,6,0,2,21.1,medium,3,"(15.56, 22.14]",75.6,high,"(58.32, 77.76]",4,7.417168,very_low,very_low,3155,4681,7836
441,1,winter,1,3,18,0,0,0,2,19.4,medium,3,"(15.56, 22.14]",81.0,very_high,"(77.76, 97.2]",5,8.501161,low,1,2207,3685,5892
442,1,winter,1,3,19,0,1,1,1,22.3,high,4,"(22.14, 28.72]",72.9,high,"(58.32, 77.76]",4,10.875239,low,1,982,5171,6153
443,1,winter,1,3,20,0,2,1,1,23.0,high,4,"(22.14, 28.72]",80.8,very_high,"(77.76, 97.2]",5,8.125157,low,1,1051,5042,6093
444,1,winter,1,3,21,0,3,1,2,21.8,medium,3,"(15.56, 22.14]",82.1,very_high,"(77.76, 97.2]",5,6.0004061,very_low,very_low,1122,5108,6230
445,1,winter,1,3,22,0,4,1,1,22.7,high,4,"(22.14, 28.72]",83.1,very_high,"(77.76, 97.2]",5,7.876654,very_low,very_low,1334,5537,6871
446,1,winter,1,3,23,0,5,1,2,24.7,high,4,"(22.14, 28.72]",69.4,high,"(58.32, 77.76]",4,7.7921,very_low,very_low,2469,5893,8362
447,1,winter,1,3,24,0,6,0,2,20.6,medium,3,"(15.56, 22.14]",88.5,very_high,"(77.76, 97.2]",5,12.916461,low,1,1033,2339,3372
448,1,winter,1,3,25,0,0,0,2,17.9,medium,3,"(15.56, 22.14]",88.1,very_high,"(77.76, 97.2]",5,14.791925,medium,2,1532,3464,4996
449,1,winter,1,3,26,0,1,1,1,18.3,medium,3,"(15.56, 22.14]",47.8,medium,"(38.88, 58.32]",3,25.917007,high,3,795,4763,5558
450,1,winter,1,3,27,0,2,1,1,13.3,low,2,"(8.98, 15.56]",29.0,low,"(19.44, 38.88]",2,12.541864,low,1,531,4571,5102
451,1,winter,1,3,28,0,3,1,1,19.9,medium,3,"(15.56, 22.14]",48.1,medium,"(38.88, 58.32]",3,19.541957,medium,2,674,5024,5698
452,1,winter,1,3,29,0,4,1,1,20.3,medium,3,"(15.56, 22.14]",43.9,medium,"(38.88, 58.32]",3,21.41655,high,3,834,5299,6133
453,1,winter,1,3,30,0,5,1,2,15.2,low,2,"(8.98, 15.56]",58.1,medium,"(38.88, 58.32]",3,9.250489,low,1,796,4663,5459
454,1,winter,1,3,31,0,6,0,2,17.4,medium,3,"(15.56, 22.14]",73.8,high,"(58.32, 77.76]",4,16.791339,medium,2,2301,3934,6235
455,1,winter,1,4,01,0,0,0,2,17.5,medium,3,"(15.56, 22.14]",67.6,high,"(58.32, 77.76]",4,11.541889,low,1,2347,3694,6041
456,1,winter,1,4,02,0,1,1,1,17.8,medium,3,"(15.56, 22.14]",50.4,medium,"(38.88, 58.32]",3,20.913313,medium,2,1208,4728,5936
457,1,winter,1,4,03,0,2,1,1,19.1,medium,3,"(15.56, 22.14]",39.7,medium,"(38.88, 58.32]",3,6.708911,very_low,very_low,1348,5424,6772
458,1,spring,1,4,04,0,3,1,1,22.2,high,4,"(22.14, 28.72]",47.0,medium,"(38.88, 58.32]",3,12.125325,low,1,1058,5378,6436
459,1,spring,1,4,05,0,4,1,1,17.8,medium,3,"(15.56, 22.14]",37.4,low,"(19.44, 38.88]",2,14.708443,medium,2,1192,5265,6457
460,1,spring,1,4,06,0,5,1,1,16.5,medium,3,"(15.56, 22.14]",37.7,low,"(19.44, 38.88]",2,20.125996,medium,2,1807,4653,6460
461,2,summer,1,4,07,0,6,0,1,17.9,medium,3,"(15.56, 22.14]",25.4,low,"(19.44, 38.88]",2,18.416357,medium,2,3252,3605,6857
462,2,summer,1,4,08,0,0,0,1,20.5,medium,3,"(15.56, 22.14]",27.6,low,"(19.44, 38.88]",2,15.583932,medium,2,2230,2939,5169
463,2,summer,1,4,09,0,1,1,1,20.1,medium,3,"(15.56, 22.14]",31.8,low,"(19.44, 38.88]",2,23.999132,high,3,905,4680,5585
464,3,autumn,1,4,10,0,2,1,1,18.3,medium,3,"(15.56, 22.14]",43.5,medium,"(38.88, 58.32]",3,16.708125,medium,2,819,5099,5918
465,3,autumn,1,4,11,0,3,1,1,14.3,low,2,"(8.98, 15.56]",47.0,medium,"(38.88, 58.32]",3,19.783358,medium,2,482,4380,4862
466,3,autumn,1,4,12,0,4,1,1,16.3,medium,3,"(15.56, 22.14]",46.6,medium,"(38.88, 58.32]",3,19.458743,medium,2,663,4746,5409
467,1,spring,1,4,13,0,5,1,1,18.1,medium,3,"(15.56, 22.14]",40.8,medium,"(38.88, 58.32]",3,10.416557,low,1,1252,5146,6398
468,1,spring,1,4,14,0,6,0,1,20.3,medium,3,"(15.56, 22.14]",50.3,medium,"(38.88, 58.32]",3,12.791439,low,1,2795,4665,7460
469,1,spring,1,4,15,0,0,0,1,24.9,high,4,"(22.14, 28.72]",50.8,medium,"(38.88, 58.32]",3,15.083643,medium,2,2846,4286,7132
470,1,spring,1,4,16,1,1,0,1,27.2,high,4,"(22.14, 28.72]",56.2,medium,"(38.88, 58.32]",3,19.083543,medium,2,1198,5172,6370
471,1,spring,1,4,17,0,2,1,1,24.9,high,4,"(22.14, 28.72]",39.0,medium,"(38.88, 58.32]",3,18.333143,medium,2,989,5702,6691
472,1,spring,1,4,18,0,3,1,2,19.0,medium,3,"(15.56, 22.14]",56.9,medium,"(38.88, 58.32]",3,11.250104,low,1,347,4020,4367
473,1,spring,1,4,19,0,4,1,1,20.4,medium,3,"(15.56, 22.14]",61.2,high,"(58.32, 77.76]",4,4.4172564,very_low,very_low,846,5719,6565
474,1,spring,1,4,20,0,5,1,1,21.6,medium,3,"(15.56, 22.14]",69.5,high,"(58.32, 77.76]",4,10.041357,low,1,1340,5950,7290
475,1,spring,1,4,21,0,6,0,1,23.4,high,4,"(22.14, 28.72]",68.3,high,"(58.32, 77.76]",4,19.000329,medium,2,2541,4083,6624
476,1,spring,1,4,22,0,0,0,3,16.3,medium,3,"(15.56, 22.14]",83.5,very_high,"(77.76, 97.2]",5,23.084582,high,3,120,907,1027
477,1,spring,1,4,23,0,1,1,2,13.2,low,2,"(8.98, 15.56]",76.7,high,"(58.32, 77.76]",4,20.334232,medium,2,195,3019,3214
478,1,spring,1,4,24,0,2,1,1,16.9,medium,3,"(15.56, 22.14]",45.4,medium,"(38.88, 58.32]",3,16.708661,medium,2,518,5115,5633
479,1,spring,1,4,25,0,3,1,1,19.5,medium,3,"(15.56, 22.14]",42.8,medium,"(38.88, 58.32]",3,7.959064,very_low,very_low,655,5541,6196
480,1,spring,1,4,26,0,4,1,2,20.4,medium,3,"(15.56, 22.14]",75.7,high,"(58.32, 77.76]",4,11.833875,low,1,475,4551,5026
481,1,spring,1,4,27,0,5,1,1,18.8,medium,3,"(15.56, 22.14]",40.1,medium,"(38.88, 58.32]",3,23.291411,high,3,1014,5219,6233
482,1,spring,1,4,28,0,6,0,2,15.4,low,2,"(8.98, 15.56]",49.0,medium,"(38.88, 58.32]",3,8.708325,low,1,1120,3100,4220
483,1,spring,1,4,29,0,0,0,1,18.8,medium,3,"(15.56, 22.14]",58.7,high,"(58.32, 77.76]",4,7.832836,very_low,very_low,2229,4075,6304
484,1,spring,1,4,30,0,1,1,2,19.0,medium,3,"(15.56, 22.14]",57.0,medium,"(38.88, 58.32]",3,11.499746,low,1,665,4907,5572
485,1,winter,1,5,01,0,2,1,2,25.1,high,4,"(22.14, 28.72]",66.0,high,"(58.32, 77.76]",4,10.458432,low,1,653,5087,5740
486,1,winter,1,5,02,0,3,1,1,23.1,high,4,"(22.14, 28.72]",79.7,very_high,"(77.76, 97.2]",5,9.249886,low,1,667,5502,6169
487,1,winter,1,5,03,0,4,1,2,23.0,high,4,"(22.14, 28.72]",76.8,high,"(58.32, 77.76]",4,8.957632,low,1,764,5657,6421
488,1,spring,1,5,04,0,5,1,1,25.7,high,4,"(22.14, 28.72]",73.5,high,"(58.32, 77.76]",4,10.916846,low,1,1069,5227,6296
489,1,spring,1,5,05,0,6,0,2,25.5,high,4,"(22.14, 28.72]",75.7,high,"(58.32, 77.76]",4,10.250464,low,1,2496,4387,6883
490,1,spring,1,5,06,0,0,0,2,23.1,high,4,"(22.14, 28.72]",74.0,high,"(58.32, 77.76]",4,10.041893,low,1,2135,4224,6359
491,2,summer,1,5,07,0,1,1,2,22.0,medium,3,"(15.56, 22.14]",66.4,high,"(58.32, 77.76]",4,15.458307,medium,2,1008,5265,6273
492,2,summer,1,5,08,0,2,1,2,23.8,high,4,"(22.14, 28.72]",68.6,high,"(58.32, 77.76]",4,19.833943,medium,2,738,4990,5728
493,2,summer,1,5,09,0,3,1,2,23.6,high,4,"(22.14, 28.72]",74.4,high,"(58.32, 77.76]",4,14.499604,low,1,620,4097,4717
494,3,autumn,1,5,10,0,4,1,1,20.7,medium,3,"(15.56, 22.14]",55.2,medium,"(38.88, 58.32]",3,21.042221,high,3,1026,5546,6572
495,3,autumn,1,5,11,0,5,1,1,21.9,medium,3,"(15.56, 22.14]",36.0,low,"(19.44, 38.88]",2,15.874779,medium,2,1319,5711,7030
496,3,autumn,1,5,12,0,6,0,1,23.1,high,4,"(22.14, 28.72]",48.0,medium,"(38.88, 58.32]",3,8.249911,low,1,2622,4807,7429
497,1,spring,1,5,13,0,0,0,1,25.1,high,4,"(22.14, 28.72]",57.6,medium,"(38.88, 58.32]",3,15.082839,medium,2,2172,3946,6118
498,1,spring,1,5,14,0,1,1,2,23.5,high,4,"(22.14, 28.72]",79.0,very_high,"(77.76, 97.2]",5,14.250364,low,1,342,2501,2843
499,1,spring,1,5,15,0,2,1,2,25.1,high,4,"(22.14, 28.72]",79.5,very_high,"(77.76, 97.2]",5,9.875264,low,1,625,4490,5115
500,1,spring,1,5,16,0,3,1,1,26.1,high,4,"(22.14, 28.72]",69.8,high,"(58.32, 77.76]",4,8.208304,low,1,991,6433,7424
501,1,spring,1,5,17,0,4,1,1,24.3,high,4,"(22.14, 28.72]",52.0,medium,"(38.88, 58.32]",3,15.374825,medium,2,1242,6142,7384
502,1,spring,1,5,18,0,5,1,1,23.1,high,4,"(22.14, 28.72]",52.3,medium,"(38.88, 58.32]",3,9.166739,low,1,1521,6118,7639
503,1,spring,1,5,19,0,6,0,1,24.6,high,4,"(22.14, 28.72]",45.6,medium,"(38.88, 58.32]",3,5.626325,very_low,very_low,3410,4884,8294
504,1,spring,1,5,20,0,0,0,1,25.5,high,4,"(22.14, 28.72]",53.0,medium,"(38.88, 58.32]",3,17.042589,medium,2,2704,4425,7129
505,1,spring,1,5,21,0,1,1,2,24.5,high,4,"(22.14, 28.72]",81.1,very_high,"(77.76, 97.2]",5,15.624668,medium,2,630,3729,4359
506,1,spring,1,5,22,0,2,1,2,25.2,high,4,"(22.14, 28.72]",76.6,high,"(58.32, 77.76]",4,7.917189,very_low,very_low,819,5254,6073
507,1,spring,1,5,23,0,3,1,2,25.5,high,4,"(22.14, 28.72]",77.5,high,"(58.32, 77.76]",4,6.834,very_low,very_low,766,4494,5260
508,1,spring,1,5,24,0,4,1,1,26.9,high,4,"(22.14, 28.72]",71.7,high,"(58.32, 77.76]",4,11.584032,low,1,1059,5711,6770
509,1,spring,1,5,25,0,5,1,1,27.9,high,4,"(22.14, 28.72]",74.7,high,"(58.32, 77.76]",4,9.41685,low,1,1417,5317,6734
510,1,spring,1,5,26,0,6,0,1,28.4,high,4,"(22.14, 28.72]",73.2,high,"(58.32, 77.76]",4,13.332464,low,1,2855,3681,6536
511,1,spring,1,5,27,0,0,0,1,28.3,high,4,"(22.14, 28.72]",69.7,high,"(58.32, 77.76]",4,14.416457,low,1,3283,3308,6591
512,1,spring,1,5,28,1,1,0,1,29.2,very_high,5,"(28.72, 35.3]",67.6,high,"(58.32, 77.76]",4,13.166907,low,1,2557,3486,6043
513,1,spring,1,5,29,0,2,1,1,29.6,very_high,5,"(28.72, 35.3]",68.5,high,"(58.32, 77.76]",4,19.7918,medium,2,880,4863,5743
514,1,spring,1,5,30,0,3,1,2,26.9,high,4,"(22.14, 28.72]",67.0,high,"(58.32, 77.76]",4,9.000043,low,1,745,6110,6855
515,1,spring,1,5,31,0,4,1,1,27.9,high,4,"(22.14, 28.72]",49.3,medium,"(38.88, 58.32]",3,13.083693,low,1,1100,6238,7338
516,1,winter,1,6,01,0,5,1,2,26.8,high,4,"(22.14, 28.72]",75.5,high,"(58.32, 77.76]",4,15.916721,medium,2,533,3594,4127
517,1,winter,1,6,02,0,6,0,1,23.9,high,4,"(22.14, 28.72]",54.9,medium,"(38.88, 58.32]",3,12.499654,low,1,2795,5325,8120
518,1,winter,1,6,03,0,0,0,1,24.7,high,4,"(22.14, 28.72]",49.3,medium,"(38.88, 58.32]",3,12.333829,low,1,2494,5147,7641
519,1,spring,1,6,04,0,1,1,1,24.5,high,4,"(22.14, 28.72]",48.7,medium,"(38.88, 58.32]",3,19.083811,medium,2,1071,5927,6998
520,1,spring,1,6,05,0,2,1,2,22.2,high,4,"(22.14, 28.72]",61.3,high,"(58.32, 77.76]",4,14.041525,low,1,968,6033,7001
521,1,spring,1,6,06,0,3,1,1,22.7,high,4,"(22.14, 28.72]",61.1,high,"(58.32, 77.76]",4,5.167375,very_low,very_low,1027,6028,7055
522,2,summer,1,6,07,0,4,1,1,24.7,high,4,"(22.14, 28.72]",56.7,medium,"(38.88, 58.32]",3,10.54245,low,1,1038,6456,7494
523,2,summer,1,6,08,0,5,1,1,26.6,high,4,"(22.14, 28.72]",46.8,medium,"(38.88, 58.32]",3,11.750661,low,1,1488,6248,7736
524,2,summer,1,6,09,0,6,0,1,29.1,very_high,5,"(28.72, 35.3]",43.7,medium,"(38.88, 58.32]",3,9.667229,low,1,2708,4790,7498
525,3,autumn,1,6,10,0,0,0,1,29.8,very_high,5,"(28.72, 35.3]",53.8,medium,"(38.88, 58.32]",3,8.959307,low,1,2224,4374,6598
526,3,autumn,1,6,11,0,1,1,2,29.6,very_high,5,"(28.72, 35.3]",58.8,high,"(58.32, 77.76]",4,13.916771,low,1,1017,5647,6664
527,3,autumn,1,6,12,0,2,1,2,26.8,high,4,"(22.14, 28.72]",83.3,very_high,"(77.76, 97.2]",5,14.374582,low,1,477,4495,4972
528,1,spring,1,6,13,0,3,1,1,26.9,high,4,"(22.14, 28.72]",58.2,medium,"(38.88, 58.32]",3,22.999693,high,3,1173,6248,7421
529,1,spring,1,6,14,0,4,1,1,26.6,high,4,"(22.14, 28.72]",57.0,medium,"(38.88, 58.32]",3,17.000111,medium,2,1180,6183,7363
530,1,spring,1,6,15,0,5,1,1,26.2,high,4,"(22.14, 28.72]",59.0,high,"(58.32, 77.76]",4,11.833339,low,1,1563,6102,7665
531,1,spring,1,6,16,0,6,0,1,25.9,high,4,"(22.14, 28.72]",50.4,medium,"(38.88, 58.32]",3,11.166689,low,1,2963,4739,7702
532,1,spring,1,6,17,0,0,0,1,24.3,high,4,"(22.14, 28.72]",59.9,high,"(58.32, 77.76]",4,9.708568,low,1,2634,4344,6978
533,1,spring,1,6,18,0,1,1,2,23.3,high,4,"(22.14, 28.72]",77.8,very_high,"(77.76, 97.2]",5,11.707982,low,1,653,4446,5099
534,1,spring,1,6,19,0,2,1,1,28.2,high,4,"(22.14, 28.72]",69.0,high,"(58.32, 77.76]",4,9.917139,low,1,968,5857,6825
535,1,spring,1,6,20,0,3,1,1,32.1,very_high,5,"(28.72, 35.3]",59.2,high,"(58.32, 77.76]",4,7.625404,very_low,very_low,872,5339,6211
536,1,spring,1,6,21,0,4,1,1,33.0,very_high,5,"(28.72, 35.3]",56.8,medium,"(38.88, 58.32]",3,7.958729,very_low,very_low,778,5127,5905
537,1,spring,1,6,22,0,5,1,1,31.9,very_high,5,"(28.72, 35.3]",57.4,medium,"(38.88, 58.32]",3,12.250414,low,1,964,4859,5823
538,1,spring,1,6,23,0,6,0,1,30.0,very_high,5,"(28.72, 35.3]",53.5,medium,"(38.88, 58.32]",3,12.041307,low,1,2657,4801,7458
539,1,spring,1,6,24,0,0,0,1,30.5,very_high,5,"(28.72, 35.3]",47.9,medium,"(38.88, 58.32]",3,9.750175,low,1,2551,4340,6891
540,1,spring,1,6,25,0,1,1,1,29.3,very_high,5,"(28.72, 35.3]",50.4,medium,"(38.88, 58.32]",3,20.125661,medium,2,1139,5640,6779
541,1,spring,1,6,26,0,2,1,1,25.9,high,4,"(22.14, 28.72]",37.3,low,"(19.44, 38.88]",2,23.292014,high,3,1077,6365,7442
542,1,spring,1,6,27,0,3,1,1,28.6,high,4,"(22.14, 28.72]",36.0,low,"(19.44, 38.88]",2,18.208925,medium,2,1077,6258,7335
543,1,spring,1,6,28,0,4,1,1,30.7,very_high,5,"(28.72, 35.3]",42.2,medium,"(38.88, 58.32]",3,11.50055,low,1,921,5958,6879
544,1,spring,1,6,29,0,5,1,1,34.2,very_high,5,"(28.72, 35.3]",48.9,medium,"(38.88, 58.32]",3,11.082939,low,1,829,4634,5463
545,1,spring,1,6,30,0,6,0,1,31.4,very_high,5,"(28.72, 35.3]",60.1,high,"(58.32, 77.76]",4,10.791757,low,1,1455,4232,5687
546,1,winter,1,7,01,0,0,0,1,33.4,very_high,5,"(28.72, 35.3]",51.9,medium,"(38.88, 58.32]",3,11.291443,low,1,1421,4110,5531
547,1,winter,1,7,02,0,1,1,1,32.0,very_high,5,"(28.72, 35.3]",44.7,medium,"(38.88, 58.32]",3,13.082889,low,1,904,5323,6227
548,1,winter,1,7,03,0,2,1,1,32.0,very_high,5,"(28.72, 35.3]",49.2,medium,"(38.88, 58.32]",3,8.457879,low,1,1052,5608,6660
549,1,spring,1,7,04,1,3,0,1,32.4,very_high,5,"(28.72, 35.3]",53.9,medium,"(38.88, 58.32]",3,9.04165,low,1,2562,4841,7403
550,1,spring,1,7,05,0,4,1,1,33.9,very_high,5,"(28.72, 35.3]",45.8,medium,"(38.88, 58.32]",3,12.999943,low,1,1405,4836,6241
551,1,spring,1,7,06,0,5,1,1,34.0,very_high,5,"(28.72, 35.3]",45.1,medium,"(38.88, 58.32]",3,9.791514,low,1,1366,4841,6207
552,2,summer,1,7,07,0,6,0,1,35.3,very_high,5,"(28.72, 35.3]",49.2,medium,"(38.88, 58.32]",3,10.958118,low,1,1448,3392,4840
553,2,summer,1,7,08,0,0,0,1,33.7,very_high,5,"(28.72, 35.3]",57.4,medium,"(38.88, 58.32]",3,8.417143,low,1,1203,3469,4672
554,2,summer,1,7,09,0,1,1,2,29.1,very_high,5,"(28.72, 35.3]",68.3,high,"(58.32, 77.76]",4,12.125325,low,1,998,5571,6569
555,3,autumn,1,7,10,0,2,1,2,29.6,very_high,5,"(28.72, 35.3]",66.8,high,"(58.32, 77.76]",4,10.166379,low,1,954,5336,6290
556,3,autumn,1,7,11,0,3,1,1,29.4,very_high,5,"(28.72, 35.3]",63.3,high,"(58.32, 77.76]",4,10.166111,low,1,975,6289,7264
557,3,autumn,1,7,12,0,4,1,1,29.3,very_high,5,"(28.72, 35.3]",53.0,medium,"(38.88, 58.32]",3,9.833925,low,1,1032,6414,7446
558,2,summer,1,7,13,0,5,1,2,30.0,very_high,5,"(28.72, 35.3]",48.6,medium,"(38.88, 58.32]",3,5.41695,very_low,very_low,1511,5988,7499
559,2,summer,1,7,14,0,6,0,2,28.8,very_high,5,"(28.72, 35.3]",69.9,high,"(58.32, 77.76]",4,9.626493,low,1,2355,4614,6969
560,2,summer,1,7,15,0,0,0,1,30.6,very_high,5,"(28.72, 35.3]",71.8,high,"(58.32, 77.76]",4,11.166689,low,1,1920,4111,6031
561,2,summer,1,7,16,0,1,1,1,31.3,very_high,5,"(28.72, 35.3]",64.5,high,"(58.32, 77.76]",4,11.000529,low,1,1088,5742,6830
562,2,summer,1,7,17,0,2,1,1,33.6,very_high,5,"(28.72, 35.3]",50.6,medium,"(38.88, 58.32]",3,7.666743,very_low,very_low,921,5865,6786
563,2,summer,1,7,18,0,3,1,1,32.5,very_high,5,"(28.72, 35.3]",57.7,medium,"(38.88, 58.32]",3,9.208614,low,1,799,4914,5713
564,2,summer,1,7,19,0,4,1,1,31.6,very_high,5,"(28.72, 35.3]",60.0,high,"(58.32, 77.76]",4,11.083743,low,1,888,5703,6591
565,2,summer,1,7,20,0,5,1,2,27.3,high,4,"(22.14, 28.72]",84.4,very_high,"(77.76, 97.2]",5,14.000789,low,1,747,5123,5870
566,2,summer,1,7,21,0,6,0,3,24.4,high,4,"(22.14, 28.72]",86.5,very_high,"(77.76, 97.2]",5,14.2911,low,1,1264,3195,4459
567,2,summer,1,7,22,0,0,0,2,27.4,high,4,"(22.14, 28.72]",76.2,high,"(58.32, 77.76]",4,6.2926936,very_low,very_low,2544,4866,7410
568,2,summer,1,7,23,0,1,1,1,30.4,very_high,5,"(28.72, 35.3]",69.4,high,"(58.32, 77.76]",4,9.291761,low,1,1135,5831,6966
569,2,summer,1,7,24,0,2,1,1,30.8,very_high,5,"(28.72, 35.3]",65.5,high,"(58.32, 77.76]",4,14.167418,low,1,1140,6452,7592
570,2,summer,1,7,25,0,3,1,1,29.7,very_high,5,"(28.72, 35.3]",45.0,medium,"(38.88, 58.32]",3,11.0416,low,1,1383,6790,8173
571,2,summer,1,7,26,0,4,1,1,31.8,very_high,5,"(28.72, 35.3]",59.7,high,"(58.32, 77.76]",4,19.082471,medium,2,1036,5825,6861
572,2,summer,1,7,27,0,5,1,1,32.0,very_high,5,"(28.72, 35.3]",59.5,high,"(58.32, 77.76]",4,10.250464,low,1,1259,5645,6904
573,2,summer,1,7,28,0,6,0,1,31.0,very_high,5,"(28.72, 35.3]",61.3,high,"(58.32, 77.76]",4,10.54245,low,1,2234,4451,6685
574,2,summer,1,7,29,0,0,0,1,29.6,very_high,5,"(28.72, 35.3]",62.4,high,"(58.32, 77.76]",4,11.416532,low,1,2153,4444,6597
575,2,summer,1,7,30,0,1,1,1,30.0,very_high,5,"(28.72, 35.3]",66.9,high,"(58.32, 77.76]",4,10.292339,low,1,1040,6065,7105
576,2,summer,1,7,31,0,2,1,1,29.2,very_high,5,"(28.72, 35.3]",70.4,high,"(58.32, 77.76]",4,11.083475,low,1,968,6248,7216
577,1,winter,1,8,01,0,3,1,1,29.4,very_high,5,"(28.72, 35.3]",67.8,high,"(58.32, 77.76]",4,9.458993,low,1,1074,6506,7580
578,1,winter,1,8,02,0,4,1,1,30.9,very_high,5,"(28.72, 35.3]",66.0,high,"(58.32, 77.76]",4,8.666718,low,1,983,6278,7261
579,1,winter,1,8,03,0,5,1,2,31.4,very_high,5,"(28.72, 35.3]",64.2,high,"(58.32, 77.76]",4,14.458064,low,1,1328,5847,7175
580,1,spring,1,8,04,0,6,0,1,32.5,very_high,5,"(28.72, 35.3]",61.3,high,"(58.32, 77.76]",4,17.249686,medium,2,2345,4479,6824
581,1,spring,1,8,05,0,0,0,1,31.5,very_high,5,"(28.72, 35.3]",65.2,high,"(58.32, 77.76]",4,19.458207,medium,2,1707,3757,5464
582,1,spring,1,8,06,0,1,1,2,30.9,very_high,5,"(28.72, 35.3]",65.4,high,"(58.32, 77.76]",4,8.666718,low,1,1233,5780,7013
583,2,summer,1,8,07,0,2,1,2,30.2,very_high,5,"(28.72, 35.3]",70.4,high,"(58.32, 77.76]",4,7.832836,very_low,very_low,1278,5995,7273
584,2,summer,1,8,08,0,3,1,2,30.8,very_high,5,"(28.72, 35.3]",67.3,high,"(58.32, 77.76]",4,7.4169,very_low,very_low,1263,6271,7534
585,2,summer,1,8,09,0,4,1,1,31.0,very_high,5,"(28.72, 35.3]",62.0,high,"(58.32, 77.76]",4,10.4587,low,1,1196,6090,7286
586,3,autumn,1,8,10,0,5,1,2,29.3,very_high,5,"(28.72, 35.3]",71.6,high,"(58.32, 77.76]",4,16.000471,medium,2,1065,4721,5786
587,3,autumn,1,8,11,0,6,0,2,28.4,high,4,"(22.14, 28.72]",73.3,high,"(58.32, 77.76]",4,13.834093,low,1,2247,4052,6299
588,3,autumn,1,8,12,0,0,0,1,28.7,high,4,"(22.14, 28.72]",53.0,medium,"(38.88, 58.32]",3,8.208304,low,1,2182,4362,6544
589,2,summer,1,8,13,0,1,1,1,29.6,very_high,5,"(28.72, 35.3]",54.5,medium,"(38.88, 58.32]",3,9.126204,low,1,1207,5676,6883
590,2,summer,1,8,14,0,2,1,1,29.8,very_high,5,"(28.72, 35.3]",68.7,high,"(58.32, 77.76]",4,11.333586,low,1,1128,5656,6784
591,2,summer,1,8,15,0,3,1,1,29.0,very_high,5,"(28.72, 35.3]",62.0,high,"(58.32, 77.76]",4,11.374657,low,1,1198,6149,7347
592,2,summer,1,8,16,0,4,1,1,29.5,very_high,5,"(28.72, 35.3]",51.9,medium,"(38.88, 58.32]",3,9.500332,low,1,1338,6267,7605
593,2,summer,1,8,17,0,5,1,1,29.7,very_high,5,"(28.72, 35.3]",57.1,medium,"(38.88, 58.32]",3,15.500718,medium,2,1483,5665,7148
594,2,summer,1,8,18,0,6,0,1,27.8,high,4,"(22.14, 28.72]",60.3,high,"(58.32, 77.76]",4,11.917089,low,1,2827,5038,7865
595,2,summer,1,8,19,0,0,0,2,26.1,high,4,"(22.14, 28.72]",71.2,high,"(58.32, 77.76]",4,5.79215,very_low,very_low,1208,3341,4549
596,2,summer,1,8,20,0,1,1,2,26.1,high,4,"(22.14, 28.72]",73.4,high,"(58.32, 77.76]",4,8.708593,low,1,1026,5504,6530
597,2,summer,1,8,21,0,2,1,1,26.6,high,4,"(22.14, 28.72]",67.4,high,"(58.32, 77.76]",4,4.8756436,very_low,very_low,1081,5925,7006
598,2,summer,1,8,22,0,3,1,1,27.4,high,4,"(22.14, 28.72]",67.7,high,"(58.32, 77.76]",4,4.7089811,very_low,very_low,1094,6281,7375
599,2,summer,1,8,23,0,4,1,1,28.5,high,4,"(22.14, 28.72]",63.6,high,"(58.32, 77.76]",4,5.6679186,very_low,very_low,1363,6402,7765
600,2,summer,1,8,24,0,5,1,2,28.8,very_high,5,"(28.72, 35.3]",61.5,high,"(58.32, 77.76]",4,4.8337686,very_low,very_low,1325,6257,7582
601,2,summer,1,8,25,0,6,0,2,27.1,high,4,"(22.14, 28.72]",71.3,high,"(58.32, 77.76]",4,16.375336,medium,2,1829,4224,6053
602,2,summer,1,8,26,0,0,0,2,26.8,high,4,"(22.14, 28.72]",84.6,very_high,"(77.76, 97.2]",5,15.333486,medium,2,1483,3772,5255
603,2,summer,1,8,27,0,1,1,1,28.8,very_high,5,"(28.72, 35.3]",73.0,high,"(58.32, 77.76]",4,8.625111,low,1,989,5928,6917
604,2,summer,1,8,28,0,2,1,1,29.9,very_high,5,"(28.72, 35.3]",62.0,high,"(58.32, 77.76]",4,12.791975,low,1,935,6105,7040
605,2,summer,1,8,29,0,3,1,1,28.1,high,4,"(22.14, 28.72]",55.2,medium,"(38.88, 58.32]",3,7.541654,very_low,very_low,1177,6520,7697
606,2,summer,1,8,30,0,4,1,1,29.0,very_high,5,"(28.72, 35.3]",59.0,high,"(58.32, 77.76]",4,5.1668189,very_low,very_low,1172,6541,7713
607,2,summer,1,8,31,0,5,1,1,31.3,very_high,5,"(28.72, 35.3]",58.8,high,"(58.32, 77.76]",4,11.291711,low,1,1433,5917,7350
608,1,winter,1,9,01,0,6,0,2,30.9,very_high,5,"(28.72, 35.3]",63.8,high,"(58.32, 77.76]",4,7.583529,very_low,very_low,2352,3788,6140
609,1,winter,1,9,02,0,0,0,2,28.6,high,4,"(22.14, 28.72]",81.5,very_high,"(77.76, 97.2]",5,4.2927436,very_low,very_low,2613,3197,5810
610,1,winter,1,9,03,1,1,0,1,29.0,very_high,5,"(28.72, 35.3]",79.1,very_high,"(77.76, 97.2]",5,10.125107,low,1,1965,4069,6034
611,1,spring,1,9,04,0,2,1,1,29.8,very_high,5,"(28.72, 35.3]",75.5,high,"(58.32, 77.76]",4,15.833507,medium,2,867,5997,6864
612,1,spring,1,9,05,0,3,1,1,30.2,very_high,5,"(28.72, 35.3]",74.1,high,"(58.32, 77.76]",4,12.583136,low,1,832,6280,7112
613,1,spring,1,9,06,0,4,1,2,28.6,high,4,"(22.14, 28.72]",81.0,very_high,"(77.76, 97.2]",5,9.542207,low,1,611,5592,6203
614,2,summer,1,9,07,0,5,1,1,28.8,very_high,5,"(28.72, 35.3]",73.6,high,"(58.32, 77.76]",4,11.500282,low,1,1045,6459,7504
615,2,summer,1,9,08,0,6,0,2,27.0,high,4,"(22.14, 28.72]",79.9,very_high,"(77.76, 97.2]",5,18.833968,medium,2,1557,4419,5976
616,2,summer,1,9,09,0,0,0,1,25.0,high,4,"(22.14, 28.72]",54.8,medium,"(38.88, 58.32]",3,15.041232,medium,2,2570,5657,8227
617,3,autumn,1,9,10,0,1,1,1,23.9,high,4,"(22.14, 28.72]",50.4,medium,"(38.88, 58.32]",3,17.333771,medium,2,1118,6407,7525
618,3,autumn,1,9,11,0,2,1,1,23.7,high,4,"(22.14, 28.72]",52.0,medium,"(38.88, 58.32]",3,6.1676314,very_low,very_low,1070,6697,7767
619,3,autumn,1,9,12,0,3,1,1,24.6,high,4,"(22.14, 28.72]",57.7,medium,"(38.88, 58.32]",3,8.833682,low,1,1050,6820,7870
620,2,summer,1,9,13,0,4,1,1,25.1,high,4,"(22.14, 28.72]",63.7,high,"(58.32, 77.76]",4,5.5422936,very_low,very_low,1054,6750,7804
621,2,summer,1,9,14,0,5,1,1,26.0,high,4,"(22.14, 28.72]",67.2,high,"(58.32, 77.76]",4,6.958821,very_low,very_low,1379,6630,8009
622,2,summer,1,9,15,0,6,0,1,24.9,high,4,"(22.14, 28.72]",50.2,medium,"(38.88, 58.32]",3,16.583907,medium,2,3160,5554,8714
623,2,summer,1,9,16,0,0,0,1,23.8,high,4,"(22.14, 28.72]",57.0,medium,"(38.88, 58.32]",3,6.0422811,very_low,very_low,2166,5167,7333
624,2,summer,1,9,17,0,1,1,2,23.8,high,4,"(22.14, 28.72]",73.5,high,"(58.32, 77.76]",4,10.166714,low,1,1022,5847,6869
625,2,summer,1,9,18,0,2,1,2,25.6,high,4,"(22.14, 28.72]",87.2,very_high,"(77.76, 97.2]",5,23.958329,high,3,371,3702,4073
626,2,summer,1,9,19,0,3,1,1,22.7,high,4,"(22.14, 28.72]",53.7,medium,"(38.88, 58.32]",3,14.416725,low,1,788,6803,7591
627,2,summer,1,9,20,0,4,1,1,22.4,high,4,"(22.14, 28.72]",61.8,high,"(58.32, 77.76]",4,7.917189,very_low,very_low,939,6781,7720
628,2,summer,1,9,21,0,5,1,1,24.6,high,4,"(22.14, 28.72]",66.9,high,"(58.32, 77.76]",4,10.333343,low,1,1250,6917,8167
629,2,summer,1,9,22,0,6,0,1,26.6,high,4,"(22.14, 28.72]",64.7,high,"(58.32, 77.76]",4,19.000061,medium,2,2512,5883,8395
630,2,summer,1,9,23,0,0,0,1,21.7,medium,3,"(15.56, 22.14]",46.7,medium,"(38.88, 58.32]",3,14.958286,medium,2,2454,5453,7907
631,2,summer,1,9,24,0,1,1,1,21.1,medium,3,"(15.56, 22.14]",49.3,medium,"(38.88, 58.32]",3,9.541068,low,1,1001,6435,7436
632,2,summer,1,9,25,0,2,1,1,22.6,high,4,"(22.14, 28.72]",57.0,medium,"(38.88, 58.32]",3,15.833507,medium,2,845,6693,7538
633,2,summer,1,9,26,0,3,1,1,26.0,high,4,"(22.14, 28.72]",63.1,high,"(58.32, 77.76]",4,16.3748,medium,2,787,6946,7733
634,2,summer,1,9,27,0,4,1,2,26.6,high,4,"(22.14, 28.72]",69.1,high,"(58.32, 77.76]",4,9.000914,low,1,751,6642,7393
635,2,summer,1,9,28,0,5,1,2,25.4,high,4,"(22.14, 28.72]",69.0,high,"(58.32, 77.76]",4,10.999993,low,1,1045,6370,7415
636,2,summer,1,9,29,0,6,0,1,22.2,high,4,"(22.14, 28.72]",54.3,medium,"(38.88, 58.32]",3,15.249468,medium,2,2589,5966,8555
637,2,summer,1,9,30,0,0,0,1,21.6,medium,3,"(15.56, 22.14]",58.3,medium,"(38.88, 58.32]",3,9.042186,low,1,2015,4874,6889
638,1,winter,1,10,01,0,1,1,2,21.4,medium,3,"(15.56, 22.14]",64.9,high,"(58.32, 77.76]",4,6.0838814,very_low,very_low,763,6015,6778
639,1,winter,1,10,02,0,2,1,3,24.2,high,4,"(22.14, 28.72]",87.2,very_high,"(77.76, 97.2]",5,6.999825,very_low,very_low,315,4324,4639
640,1,winter,1,10,03,0,3,1,2,27.0,high,4,"(22.14, 28.72]",79.4,very_high,"(77.76, 97.2]",5,4.4585686,very_low,very_low,728,6844,7572
641,1,spring,1,10,04,0,4,1,2,27.0,high,4,"(22.14, 28.72]",72.3,high,"(58.32, 77.76]",4,7.875582,very_low,very_low,891,6437,7328
642,1,spring,1,10,05,0,5,1,1,25.2,high,4,"(22.14, 28.72]",62.8,high,"(58.32, 77.76]",4,7.12545,very_low,very_low,1516,6640,8156
643,1,spring,1,10,06,0,6,0,1,22.7,high,4,"(22.14, 28.72]",66.4,high,"(58.32, 77.76]",4,17.957675,medium,2,3031,4934,7965
644,2,summer,1,10,07,0,0,0,2,17.0,medium,3,"(15.56, 22.14]",70.8,high,"(58.32, 77.76]",4,9.457854,low,1,781,2729,3510
645,2,summer,1,10,08,1,1,0,2,15.7,medium,3,"(15.56, 22.14]",71.0,high,"(58.32, 77.76]",4,12.708493,low,1,874,4604,5478
646,2,summer,1,10,09,0,2,1,2,18.3,medium,3,"(15.56, 22.14]",76.2,high,"(58.32, 77.76]",4,12.7501,low,1,601,5791,6392
647,3,autumn,1,10,10,0,3,1,1,21.1,medium,3,"(15.56, 22.14]",63.1,high,"(58.32, 77.76]",4,12.584007,low,1,780,6911,7691
648,3,autumn,1,10,11,0,4,1,1,17.8,medium,3,"(15.56, 22.14]",46.3,medium,"(38.88, 58.32]",3,12.166932,low,1,834,6736,7570
649,3,autumn,1,10,12,0,5,1,1,17.9,medium,3,"(15.56, 22.14]",53.9,medium,"(38.88, 58.32]",3,15.751164,medium,2,1060,6222,7282
650,3,autumn,1,10,13,0,6,0,1,16.1,medium,3,"(15.56, 22.14]",49.5,medium,"(38.88, 58.32]",3,9.791514,low,1,2252,4857,7109
651,3,autumn,1,10,14,0,0,0,1,21.4,medium,3,"(15.56, 22.14]",64.0,high,"(58.32, 77.76]",4,18.667004,medium,2,2080,4559,6639
652,3,autumn,1,10,15,0,1,1,2,23.0,high,4,"(22.14, 28.72]",70.8,high,"(58.32, 77.76]",4,19.834479,medium,2,760,5115,5875
653,3,autumn,1,10,16,0,2,1,1,19.2,medium,3,"(15.56, 22.14]",55.8,medium,"(38.88, 58.32]",3,12.208807,low,1,922,6612,7534
654,3,autumn,1,10,17,0,3,1,1,18.7,medium,3,"(15.56, 22.14]",69.3,high,"(58.32, 77.76]",4,6.791857,very_low,very_low,979,6482,7461
655,3,autumn,1,10,18,0,4,1,2,21.4,medium,3,"(15.56, 22.14]",72.8,high,"(58.32, 77.76]",4,15.874779,medium,2,1008,6501,7509
656,3,autumn,1,10,19,0,5,1,2,23.1,high,4,"(22.14, 28.72]",81.5,very_high,"(77.76, 97.2]",5,9.041918,low,1,753,4671,5424
657,3,autumn,1,10,20,0,6,0,1,19.9,medium,3,"(15.56, 22.14]",57.3,medium,"(38.88, 58.32]",3,7.874979,very_low,very_low,2806,5284,8090
658,3,autumn,1,10,21,0,0,0,1,19.0,medium,3,"(15.56, 22.14]",51.0,medium,"(38.88, 58.32]",3,11.125618,low,1,2132,4692,6824
659,3,autumn,1,10,22,0,1,1,1,20.0,medium,3,"(15.56, 22.14]",56.8,medium,"(38.88, 58.32]",3,5.4593811,very_low,very_low,830,6228,7058
660,3,autumn,1,10,23,0,2,1,1,22.3,high,4,"(22.14, 28.72]",64.2,high,"(58.32, 77.76]",4,6.3345686,very_low,very_low,841,6625,7466
661,3,autumn,1,10,24,0,3,1,1,24.1,high,4,"(22.14, 28.72]",63.6,high,"(58.32, 77.76]",4,4.8762064,very_low,very_low,795,6898,7693
662,3,autumn,1,10,25,0,4,1,2,22.6,high,4,"(22.14, 28.72]",80.0,very_high,"(77.76, 97.2]",5,8.333125,low,1,875,6484,7359
663,3,autumn,1,10,26,0,5,1,2,22.4,high,4,"(22.14, 28.72]",80.7,very_high,"(77.76, 97.2]",5,8.875289,low,1,1182,6262,7444
664,3,autumn,1,10,27,0,6,0,2,21.7,medium,3,"(15.56, 22.14]",72.0,high,"(58.32, 77.76]",4,15.791364,medium,2,2643,5209,7852
665,3,autumn,1,10,28,0,0,0,2,19.6,medium,3,"(15.56, 22.14]",69.5,high,"(58.32, 77.76]",4,26.666536,high,3,998,3461,4459
666,3,autumn,1,10,29,0,1,1,3,18.0,medium,3,"(15.56, 22.14]",88.0,very_high,"(77.76, 97.2]",5,23.9994,high,3,2,20,22
667,3,autumn,1,10,30,0,2,1,2,13.0,low,2,"(8.98, 15.56]",82.5,very_high,"(77.76, 97.2]",5,14.271603,low,1,87,1009,1096
668,3,autumn,1,10,31,0,3,1,2,14.7,low,2,"(8.98, 15.56]",66.7,high,"(58.32, 77.76]",4,11.166689,low,1,419,5147,5566
669,1,winter,1,11,01,0,4,1,2,15.0,low,2,"(8.98, 15.56]",58.2,medium,"(38.88, 58.32]",3,10.542182,low,1,466,5520,5986
670,1,winter,1,11,02,0,5,1,1,14.6,low,2,"(8.98, 15.56]",52.2,medium,"(38.88, 58.32]",3,17.833725,medium,2,618,5229,5847
671,1,winter,1,11,03,0,6,0,2,14.1,low,2,"(8.98, 15.56]",49.1,medium,"(38.88, 58.32]",3,18.125443,medium,2,1029,4109,5138
672,1,spring,1,11,04,0,0,0,1,13.4,low,2,"(8.98, 15.56]",53.3,medium,"(38.88, 58.32]",3,12.000236,low,1,1201,3906,5107
673,1,spring,1,11,05,0,1,1,1,13.1,low,2,"(8.98, 15.56]",49.4,medium,"(38.88, 58.32]",3,15.833775,medium,2,378,4881,5259
674,1,spring,1,11,06,0,2,1,1,11.5,low,2,"(8.98, 15.56]",56.7,medium,"(38.88, 58.32]",3,11.625371,low,1,466,5220,5686
675,2,summer,1,11,07,0,3,1,2,12.1,low,2,"(8.98, 15.56]",54.8,medium,"(38.88, 58.32]",3,20.375236,medium,2,326,4709,5035
676,2,summer,1,11,08,0,4,1,1,14.4,low,2,"(8.98, 15.56]",33.3,low,"(19.44, 38.88]",2,23.304945,high,3,340,4975,5315
677,2,summer,1,11,09,0,5,1,1,14.8,low,2,"(8.98, 15.56]",54.1,medium,"(38.88, 58.32]",3,14.375386,low,1,709,5283,5992
678,3,autumn,1,11,10,0,6,0,1,16.0,medium,3,"(15.56, 22.14]",64.5,high,"(58.32, 77.76]",4,3.8756686,very_low,very_low,2090,4446,6536
679,3,autumn,1,11,11,0,0,0,1,17.3,medium,3,"(15.56, 22.14]",65.9,high,"(58.32, 77.76]",4,8.5425,low,1,2290,4562,6852
680,3,autumn,1,11,12,1,1,0,1,19.9,medium,3,"(15.56, 22.14]",74.2,high,"(58.32, 77.76]",4,11.625639,low,1,1097,5172,6269
681,3,autumn,1,11,13,0,2,1,2,14.1,low,2,"(8.98, 15.56]",66.3,high,"(58.32, 77.76]",4,22.917082,high,3,327,3767,4094
682,3,autumn,1,11,14,0,3,1,1,11.9,low,2,"(8.98, 15.56]",55.2,medium,"(38.88, 58.32]",3,13.374875,low,1,373,5122,5495
683,3,autumn,1,11,15,0,4,1,2,13.2,low,2,"(8.98, 15.56]",62.0,high,"(58.32, 77.76]",4,10.250129,low,1,320,5125,5445
684,3,autumn,1,11,16,0,5,1,1,14.1,low,2,"(8.98, 15.56]",52.5,medium,"(38.88, 58.32]",3,11.458675,low,1,484,5214,5698
685,3,autumn,1,11,17,0,6,0,1,13.3,low,2,"(8.98, 15.56]",54.5,medium,"(38.88, 58.32]",3,12.041843,low,1,1313,4316,5629
686,3,autumn,1,11,18,0,0,0,1,14.0,low,2,"(8.98, 15.56]",69.3,high,"(58.32, 77.76]",4,15.250004,medium,2,922,3747,4669
687,3,autumn,1,11,19,0,1,1,2,15.6,medium,3,"(15.56, 22.14]",62.3,high,"(58.32, 77.76]",4,15.749489,medium,2,449,5050,5499
688,3,autumn,1,11,20,0,2,1,2,15.3,low,2,"(8.98, 15.56]",68.5,high,"(58.32, 77.76]",4,5.542575,very_low,very_low,534,5100,5634
689,3,autumn,1,11,21,0,3,1,1,14.5,low,2,"(8.98, 15.56]",61.4,high,"(58.32, 77.76]",4,6.917482,very_low,very_low,615,4531,5146
690,3,autumn,1,11,22,1,4,0,1,13.9,low,2,"(8.98, 15.56]",58.0,medium,"(38.88, 58.32]",3,3.5423436,very_low,very_low,955,1470,2425
691,3,autumn,1,11,23,0,5,1,1,15.1,low,2,"(8.98, 15.56]",56.9,medium,"(38.88, 58.32]",3,9.917407,low,1,1603,2307,3910
692,3,autumn,1,11,24,0,6,0,1,11.4,low,2,"(8.98, 15.56]",40.5,medium,"(38.88, 58.32]",3,25.250357,high,3,532,1745,2277
693,3,autumn,1,11,25,0,0,0,1,10.1,low,2,"(8.98, 15.56]",46.8,medium,"(38.88, 58.32]",3,10.0835,low,1,309,2115,2424
694,3,autumn,1,11,26,0,1,1,1,12.8,low,2,"(8.98, 15.56]",53.5,medium,"(38.88, 58.32]",3,3.12555,very_low,very_low,337,4750,5087
695,3,autumn,1,11,27,0,2,1,2,12.0,low,2,"(8.98, 15.56]",78.7,very_high,"(77.76, 97.2]",5,15.916654,medium,2,123,3836,3959
696,3,autumn,1,11,28,0,3,1,1,12.2,low,2,"(8.98, 15.56]",50.6,medium,"(38.88, 58.32]",3,14.125007,low,1,198,5062,5260
697,3,autumn,1,11,29,0,4,1,1,11.5,low,2,"(8.98, 15.56]",55.6,medium,"(38.88, 58.32]",3,7.739974,very_low,very_low,243,5080,5323
698,3,autumn,1,11,30,0,5,1,1,12.2,low,2,"(8.98, 15.56]",65.0,high,"(58.32, 77.76]",4,3.9175436,very_low,very_low,362,5306,5668
699,1,winter,1,12,01,0,6,0,2,12.2,low,2,"(8.98, 15.56]",80.7,very_high,"(77.76, 97.2]",5,4.0001814,very_low,very_low,951,4240,5191
700,1,winter,1,12,02,0,0,0,2,14.2,low,2,"(8.98, 15.56]",82.3,very_high,"(77.76, 97.2]",5,8.333393,low,1,892,3757,4649
701,1,winter,1,12,03,0,1,1,1,18.6,medium,3,"(15.56, 22.14]",76.8,high,"(58.32, 77.76]",4,5.5422936,very_low,very_low,555,5679,6234
702,1,spring,1,12,04,0,2,1,1,19.5,medium,3,"(15.56, 22.14]",73.4,high,"(58.32, 77.76]",4,11.666643,low,1,551,6055,6606
703,1,spring,1,12,05,0,3,1,1,18.0,medium,3,"(15.56, 22.14]",48.5,medium,"(38.88, 58.32]",3,21.709407,high,3,331,5398,5729
704,1,spring,1,12,06,0,4,1,1,10.5,low,2,"(8.98, 15.56]",50.9,medium,"(38.88, 58.32]",3,11.708518,low,1,340,5035,5375
705,2,summer,1,12,07,0,5,1,2,13.2,low,2,"(8.98, 15.56]",76.4,high,"(58.32, 77.76]",4,8.7502,low,1,349,4659,5008
706,2,summer,1,12,08,0,6,0,2,15.6,medium,3,"(15.56, 22.14]",91.1,very_high,"(77.76, 97.2]",5,6.792393,very_low,very_low,1153,4429,5582
707,2,summer,1,12,09,0,0,0,2,15.8,medium,3,"(15.56, 22.14]",90.5,very_high,"(77.76, 97.2]",5,10.584325,low,1,441,2787,3228
708,3,autumn,1,12,10,0,1,1,2,17.9,medium,3,"(15.56, 22.14]",92.5,very_high,"(77.76, 97.2]",5,12.750636,low,1,329,4841,5170
709,3,autumn,1,12,11,0,2,1,2,14.5,low,2,"(8.98, 15.56]",59.7,high,"(58.32, 77.76]",4,19.834479,medium,2,282,5219,5501
710,3,autumn,1,12,12,0,3,1,2,12.2,low,2,"(8.98, 15.56]",53.8,medium,"(38.88, 58.32]",3,10.916779,low,1,310,5009,5319
711,3,autumn,1,12,13,0,4,1,1,12.1,low,2,"(8.98, 15.56]",48.6,medium,"(38.88, 58.32]",3,11.666643,low,1,425,5107,5532
712,3,autumn,1,12,14,0,5,1,1,11.5,low,2,"(8.98, 15.56]",64.3,high,"(58.32, 77.76]",4,8.792343,low,1,429,5182,5611
713,3,autumn,1,12,15,0,6,0,1,13.3,low,2,"(8.98, 15.56]",65.0,high,"(58.32, 77.76]",4,7.12545,very_low,very_low,767,4280,5047
714,3,autumn,1,12,16,0,0,0,2,14.9,low,2,"(8.98, 15.56]",83.9,very_high,"(77.76, 97.2]",5,6.749714,very_low,very_low,538,3248,3786
715,3,autumn,1,12,17,0,1,1,2,16.1,medium,3,"(15.56, 22.14]",90.7,very_high,"(77.76, 97.2]",5,6.5833061,very_low,very_low,212,4373,4585
716,3,autumn,1,12,18,0,2,1,1,16.8,medium,3,"(15.56, 22.14]",66.6,high,"(58.32, 77.76]",4,14.834068,medium,2,433,5124,5557
717,3,autumn,1,12,19,0,3,1,1,13.6,low,2,"(8.98, 15.56]",62.5,high,"(58.32, 77.76]",4,12.334164,low,1,333,4934,5267
718,3,autumn,1,12,20,0,4,1,2,13.5,low,2,"(8.98, 15.56]",66.8,high,"(58.32, 77.76]",4,8.875021,low,1,314,3814,4128
719,3,autumn,1,12,21,0,5,1,2,13.4,low,2,"(8.98, 15.56]",55.7,medium,"(38.88, 58.32]",3,25.083661,high,3,221,3402,3623
720,3,autumn,1,12,22,0,6,0,1,10.9,low,2,"(8.98, 15.56]",44.1,medium,"(38.88, 58.32]",3,27.292182,high,3,205,1544,1749
721,3,autumn,1,12,23,0,0,0,1,10.1,low,2,"(8.98, 15.56]",51.5,medium,"(38.88, 58.32]",3,8.916561,low,1,408,1379,1787
722,3,autumn,1,12,24,0,1,1,2,9.5,low,2,"(8.98, 15.56]",79.1,very_high,"(77.76, 97.2]",5,5.1744368,very_low,very_low,174,746,920
723,3,autumn,1,12,25,1,2,0,2,11.9,low,2,"(8.98, 15.56]",73.5,high,"(58.32, 77.76]",4,11.304642,low,1,440,573,1013
724,3,autumn,1,12,26,0,3,1,3,10.0,low,2,"(8.98, 15.56]",82.3,very_high,"(77.76, 97.2]",5,21.208582,high,3,9,432,441
725,3,autumn,1,12,27,0,4,1,2,10.4,low,2,"(8.98, 15.56]",65.3,high,"(58.32, 77.76]",4,23.458911,high,3,247,1867,2114
726,3,autumn,1,12,28,0,5,1,2,10.4,low,2,"(8.98, 15.56]",59.0,high,"(58.32, 77.76]",4,10.416557,low,1,644,2451,3095
727,3,autumn,1,12,29,0,6,0,2,10.4,low,2,"(8.98, 15.56]",75.3,high,"(58.32, 77.76]",4,8.333661,low,1,159,1182,1341
728,3,autumn,1,12,30,0,0,0,1,10.5,low,2,"(8.98, 15.56]",48.3,medium,"(38.88, 58.32]",3,23.500518,high,3,364,1432,1796
729,3,autumn,1,12,31,0,1,1,2,8.8,very_low,1,"(2.367, 8.98]",57.8,medium,"(38.88, 58.32]",3,10.374682,low,1,439,2290,2729
